Workbook

Sheet Crudo
A2: # | B2: DNI | C2: Partido | D2: Primaria | E2: Secundaria | F2: Tecnicos | G2: No Univ | H2: Univ | I2: Maestria | J2: Doctorado | K2: Sentencias | L2: Ingresos | M2: Estudios | N2: Sentencias | O2: Ingresos | P2: Ingresos | Q2: Ingresos
A3: 1 | B3: 25331980 | C3: Ahora Nación | D3: X | E3: X | H3: X | I3: X | J3: X | L3: 350000 | M3: =+IF(D3="X",1,0)+IF(E3="X",1,0)+IF(F3="X",2,0)+IF(G3="X",2,0)+IF(H3="X",3,IF(H3="Y",1.5,0))+IF(I3="X",5,IF(I3="Y",2.5,0))+IF(J3="X",10,IF(J3="Y",5,0)) -> 20 | N3: =+IF(K3="X",1,0) -> 0 | O3: 111742 | P3: =+L3/12 -> 29166.667 | Q3: =+O3/12 -> 9311.8333
A4: =+A3+1 -> 2 | B4: 21545374 | C4: Ahora Nación | D4: X | E4: X | H4: X | L4: 111742 | M4: =+IF(D4="X",1,0)+IF(E4="X",1,0)+IF(F4="X",2,0)+IF(G4="X",2,0)+IF(H4="X",3,IF(H4="Y",1.5,0))+IF(I4="X",5,IF(I4="Y",2.5,0))+IF(J4="X",10,IF(J4="Y",5,0)) -> 5 | N4: =+IF(K4="X",1,0) -> 0 | O4: 111742 | P4: =+L4/12 -> 9311.8333 | Q4: =+O4/12 -> 9311.8333
A5: =+A4+1 -> 3 | B5: 17826805 | C5: Ahora Nación | D5: X | E5: X | H5: X | L5: 147096 | M5: =+IF(D5="X",1,0)+IF(E5="X",1,0)+IF(F5="X",2,0)+IF(G5="X",2,0)+IF(H5="X",3,IF(H5="Y",1.5,0))+IF(I5="X",5,IF(I5="Y",2.5,0))+IF(J5="X",10,IF(J5="Y",5,0)) -> 5 | N5: =+IF(K5="X",1,0) -> 0 | O5: 147096 | P5: =+L5/12 -> 12258 | Q5: =+O5/12 -> 12258
A6: =+A5+1 -> 4 | B6: 26705695 | C6: Ahora Nación | D6: X | E6: X | H6: X | I6: X | L6: 110787 | M6: =+IF(D6="X",1,0)+IF(E6="X",1,0)+IF(F6="X",2,0)+IF(G6="X",2,0)+IF(H6="X",3,IF(H6="Y",1.5,0))+IF(I6="X",5,IF(I6="Y",2.5,0))+IF(J6="X",10,IF(J6="Y",5,0)) -> 10 | N6: =+IF(K6="X",1,0) -> 0 | O6: 110787 | P6: =+L6/12 -> 9232.25 | Q6: =+O6/12 -> 9232.25
A7: =+A6+1 -> 5 | B7: 07755878 | C7: Ahora Nación | D7: X | E7: X | H7: X | I7: X | L7: 217445 | M7: =+IF(D7="X",1,0)+IF(E7="X",1,0)+IF(F7="X",2,0)+IF(G7="X",2,0)+IF(H7="X",3,IF(H7="Y",1.5,0))+IF(I7="X",5,IF(I7="Y",2.5,0))+IF(J7="X",10,IF(J7="Y",5,0)) -> 10 | N7: =+IF(K7="X",1,0) -> 0 | O7: 217445 | P7: =+L7/12 -> 18120.417 | Q7: =+O7/12 -> 18120.417
A8: =+A7+1 -> 6 | B8: 09434755 | C8: Ahora Nación | D8: X | E8: X | H8: X | L8: 62558 | M8: =+IF(D8="X",1,0)+IF(E8="X",1,0)+IF(F8="X",2,0)+IF(G8="X",2,0)+IF(H8="X",3,IF(H8="Y",1.5,0))+IF(I8="X",5,IF(I8="Y",2.5,0))+IF(J8="X",10,IF(J8="Y",5,0)) -> 5 | N8: =+IF(K8="X",1,0) -> 0 | O8: 62558 | P8: =+L8/12 -> 5213.1667 | Q8: =+O8/12 -> 5213.1667
A9: =+A8+1 -> 7 | B9: 7250445
A10: =+A9+1 -> 8 | B10: 40204874 | C10: Ahora Nación | D10: X | E10: X | H10: X | L10: 394363 | M10: =+IF(D10="X",1,0)+IF(E10="X",1,0)+IF(F10="X",2,0)+IF(G10="X",2,0)+IF(H10="X",3,IF(H10="Y",1.5,0))+IF(I10="X",5,IF(I10="Y",2.5,0))+IF(J10="X",10,IF(J10="Y",5,0)) -> 5 | N10: =+IF(K10="X",1,0) -> 0 | P10: =+L10/12 -> 32863.583 | R10: Peru Libre
A11: =+A10+1 -> 9
A12: =+A11+1 -> 10 | B12: 40106921 | C12: Ahora Nación | D12: X | E12: X | H12: X | I12: X | L12: 90412.49 | M12: =+IF(D12="X",1,0)+IF(E12="X",1,0)+IF(F12="X",2,0)+IF(G12="X",2,0)+IF(H12="X",3,IF(H12="Y",1.5,0))+IF(I12="X",5,IF(I12="Y",2.5,0))+IF(J12="X",10,IF(J12="Y",5,0)) -> 10 | N12: =+IF(K12="X",1,0) -> 0 | O12: 90412.49 | P12: =+L12/12 -> 7534.3742 | Q12: =+O12/12 -> 7534.3742
A13: =+A12+1 -> 11 | B13: 8558627 | C13: Ahora Nación | D13: X | E13: X | H13: X | I13: X | J13: X | L13: 228837 | M13: =+IF(D13="X",1,0)+IF(E13="X",1,0)+IF(F13="X",2,0)+IF(G13="X",2,0)+IF(H13="X",3,IF(H13="Y",1.5,0))+IF(I13="X",5,IF(I13="Y",2.5,0))+IF(J13="X",10,IF(J13="Y",5,0)) -> 20 | N13: =+IF(K13="X",1,0) -> 0 | O13: 228837 | P13: =+L13/12 -> 19069.75 | Q13: =+O13/12 -> 19069.75
A14: =+A13+1 -> 12 | B14: 5293154 | C14: Ahora Nación | D14: X | E14: X | F14: X | L14: 44724 | M14: =+IF(D14="X",1,0)+IF(E14="X",1,0)+IF(F14="X",2,0)+IF(G14="X",2,0)+IF(H14="X",3,IF(H14="Y",1.5,0))+IF(I14="X",5,IF(I14="Y",2.5,0))+IF(J14="X",10,IF(J14="Y",5,0)) -> 4 | N14: =+IF(K14="X",1,0) -> 0 | O14: 44724 | P14: =+L14/12 -> 3727 | Q14: =+O14/12 -> 3727
A15: =+A14+1 -> 13 | B15: 8761632 | C15: Ahora Nación | D15: X | E15: X | H15: X | I15: X | J15: X | L15: 240000 | M15: =+IF(D15="X",1,0)+IF(E15="X",1,0)+IF(F15="X",2,0)+IF(G15="X",2,0)+IF(H15="X",3,IF(H15="Y",1.5,0))+IF(I15="X",5,IF(I15="Y",2.5,0))+IF(J15="X",10,IF(J15="Y",5,0)) -> 20 | N15: =+IF(K15="X",1,0) -> 0 | O15: 240000 | P15: =+L15/12 -> 20000 | Q15: =+O15/12 -> 20000
A16: =+A15+1 -> 14 | B16: 6272152 | C16: Ahora Nación | D16: X | E16: X | H16: X | I16: Y | L16: 128400 | M16: =+IF(D16="X",1,0)+IF(E16="X",1,0)+IF(F16="X",2,0)+IF(G16="X",2,0)+IF(H16="X",3,IF(H16="Y",1.5,0))+IF(I16="X",5,IF(I16="Y",2.5,0))+IF(J16="X",10,IF(J16="Y",5,0)) -> 7.5 | N16: =+IF(K16="X",1,0) -> 0 | O16: 128400 | P16: =+L16/12 -> 10700 | Q16: =+O16/12 -> 10700
A17: =+A16+1 -> 15 | B17: 29470620 | C17: Ahora Nación | D17: X | E17: X | L17: 49000 | M17: =+IF(D17="X",1,0)+IF(E17="X",1,0)+IF(F17="X",2,0)+IF(G17="X",2,0)+IF(H17="X",3,IF(H17="Y",1.5,0))+IF(I17="X",5,IF(I17="Y",2.5,0))+IF(J17="X",10,IF(J17="Y",5,0)) -> 2 | N17: =+IF(K17="X",1,0) -> 0 | O17: 49000 | P17: =+L17/12 -> 4083.3333 | Q17: =+O17/12 -> 4083.3333
A18: =+A17+1 -> 16 | B18: 80146948 | C18: Ahora Nación | D18: X | E18: X | G18: X | L18: 93720 | M18: =+IF(D18="X",1,0)+IF(E18="X",1,0)+IF(F18="X",2,0)+IF(G18="X",2,0)+IF(H18="X",3,IF(H18="Y",1.5,0))+IF(I18="X",5,IF(I18="Y",2.5,0))+IF(J18="X",10,IF(J18="Y",5,0)) -> 4 | N18: =+IF(K18="X",1,0) -> 0 | O18: 93720 | P18: =+L18/12 -> 7810 | Q18: =+O18/12 -> 7810
A19: =+A18+1 -> 17 | B19: 29666418 | C19: Ahora Nación | D19: X | E19: X | H19: X | L19: 44000 | M19: =+IF(D19="X",1,0)+IF(E19="X",1,0)+IF(F19="X",2,0)+IF(G19="X",2,0)+IF(H19="X",3,IF(H19="Y",1.5,0))+IF(I19="X",5,IF(I19="Y",2.5,0))+IF(J19="X",10,IF(J19="Y",5,0)) -> 5 | N19: =+IF(K19="X",1,0) -> 0 | O19: 44000 | P19: =+L19/12 -> 3666.6667 | Q19: =+O19/12 -> 3666.6667
A20: =+A19+1 -> 18 | B20: 04742579 | C20: Ahora Nación | D20: X | E20: X | F20: X | H20: X | I20: Y | L20: 18000 | M20: =+IF(D20="X",1,0)+IF(E20="X",1,0)+IF(F20="X",2,0)+IF(G20="X",2,0)+IF(H20="X",3,IF(H20="Y",1.5,0))+IF(I20="X",5,IF(I20="Y",2.5,0))+IF(J20="X",10,IF(J20="Y",5,0)) -> 9.5 | N20: =+IF(K20="X",1,0) -> 0 | O20: 18000 | P20: =+L20/12 -> 1500 | Q20: =+O20/12 -> 1500
A21: =+A20+1 -> 19 | B21: 6762849 | C21: Ahora Nación | D21: X | E21: X | L21: 36000 | M21: =+IF(D21="X",1,0)+IF(E21="X",1,0)+IF(F21="X",2,0)+IF(G21="X",2,0)+IF(H21="X",3,IF(H21="Y",1.5,0))+IF(I21="X",5,IF(I21="Y",2.5,0))+IF(J21="X",10,IF(J21="Y",5,0)) -> 2 | N21: =+IF(K21="X",1,0) -> 0 | O21: 36000 | P21: =+L21/12 -> 3000 | Q21: =+O21/12 -> 3000
A22: =+A21+1 -> 20 | B22: 7803059 | C22: Ahora Nación | D22: X | E22: X | F22: X | G22: X | I22: X | L22: 31000 | M22: =+IF(D22="X",1,0)+IF(E22="X",1,0)+IF(F22="X",2,0)+IF(G22="X",2,0)+IF(H22="X",3,IF(H22="Y",1.5,0))+IF(I22="X",5,IF(I22="Y",2.5,0))+IF(J22="X",10,IF(J22="Y",5,0)) -> 11 | N22: =+IF(K22="X",1,0) -> 0 | O22: 31000 | P22: =+L22/12 -> 2583.3333 | Q22: =+O22/12 -> 2583.3333
A23: =+A22+1 -> 21 | B23: 16767746 | C23: Ahora Nación | D23: X | E23: X | H23: X | L23: 6000 | M23: =+IF(D23="X",1,0)+IF(E23="X",1,0)+IF(F23="X",2,0)+IF(G23="X",2,0)+IF(H23="X",3,IF(H23="Y",1.5,0))+IF(I23="X",5,IF(I23="Y",2.5,0))+IF(J23="X",10,IF(J23="Y",5,0)) -> 5 | N23: =+IF(K23="X",1,0) -> 0 | O23: 6000 | P23: =+L23/12 -> 500 | Q23: =+O23/12 -> 500
A24: =+A23+1 -> 22 | B24: 16520088 | C24: Ahora Nación | D24: X | E24: X | L24: 14400 | M24: =+IF(D24="X",1,0)+IF(E24="X",1,0)+IF(F24="X",2,0)+IF(G24="X",2,0)+IF(H24="X",3,IF(H24="Y",1.5,0))+IF(I24="X",5,IF(I24="Y",2.5,0))+IF(J24="X",10,IF(J24="Y",5,0)) -> 2 | N24: =+IF(K24="X",1,0) -> 0 | O24: 14400 | P24: =+L24/12 -> 1200 | Q24: =+O24/12 -> 1200
A25: =+A24+1 -> 23 | B25: 1127044 | C25: Ahora Nación | D25: X | E25: X | H25: X | I25: X | J25: X | L25: 82800 | M25: =+IF(D25="X",1,0)+IF(E25="X",1,0)+IF(F25="X",2,0)+IF(G25="X",2,0)+IF(H25="X",3,IF(H25="Y",1.5,0))+IF(I25="X",5,IF(I25="Y",2.5,0))+IF(J25="X",10,IF(J25="Y",5,0)) -> 20 | N25: =+IF(K25="X",1,0) -> 0 | O25: 82800 | P25: =+L25/12 -> 6900 | Q25: =+O25/12 -> 6900
A26: =+A25+1 -> 24 | B26: 1149309 | C26: Ahora Nación | D26: X | E26: X | L26: 12000 | M26: =+IF(D26="X",1,0)+IF(E26="X",1,0)+IF(F26="X",2,0)+IF(G26="X",2,0)+IF(H26="X",3,IF(H26="Y",1.5,0))+IF(I26="X",5,IF(I26="Y",2.5,0))+IF(J26="X",10,IF(J26="Y",5,0)) -> 2 | N26: =+IF(K26="X",1,0) -> 0 | O26: 12000 | P26: =+L26/12 -> 1000 | Q26: =+O26/12 -> 1000
A27: =+A26+1 -> 25 | B27: 9099445 | C27: Ahora Nación | D27: X | E27: X | H27: X | I27: X | L27: 76500 | M27: =+IF(D27="X",1,0)+IF(E27="X",1,0)+IF(F27="X",2,0)+IF(G27="X",2,0)+IF(H27="X",3,IF(H27="Y",1.5,0))+IF(I27="X",5,IF(I27="Y",2.5,0))+IF(J27="X",10,IF(J27="Y",5,0)) -> 10 | N27: =+IF(K27="X",1,0) -> 0 | O27: 76500 | P27: =+L27/12 -> 6375 | Q27: =+O27/12 -> 6375
A28: =+A27+1 -> 26 | B28: 31616560 | C28: Ahora Nación | D28: X | E28: X | F28: X | L28: 8410.08 | M28: =+IF(D28="X",1,0)+IF(E28="X",1,0)+IF(F28="X",2,0)+IF(G28="X",2,0)+IF(H28="X",3,IF(H28="Y",1.5,0))+IF(I28="X",5,IF(I28="Y",2.5,0))+IF(J28="X",10,IF(J28="Y",5,0)) -> 4 | N28: =+IF(K28="X",1,0) -> 0 | O28: 8410.08 | P28: =+L28/12 -> 700.84 | Q28: =+O28/12 -> 700.84
A29: =+A28+1 -> 27 | B29: 9347247 | C29: Ahora Nación | D29: X | E29: X | F29: X | L29: 60279.44 | M29: =+IF(D29="X",1,0)+IF(E29="X",1,0)+IF(F29="X",2,0)+IF(G29="X",2,0)+IF(H29="X",3,IF(H29="Y",1.5,0))+IF(I29="X",5,IF(I29="Y",2.5,0))+IF(J29="X",10,IF(J29="Y",5,0)) -> 4 | N29: =+IF(K29="X",1,0) -> 0 | O29: 60279.44 | P29: =+L29/12 -> 5023.2867 | Q29: =+O29/12 -> 5023.2867
A30: =+A29+1 -> 28 | B30: 29285160 | C30: Ahora Nación | D30: X | E30: X | H30: X | L30: 42000 | M30: =+IF(D30="X",1,0)+IF(E30="X",1,0)+IF(F30="X",2,0)+IF(G30="X",2,0)+IF(H30="X",3,IF(H30="Y",1.5,0))+IF(I30="X",5,IF(I30="Y",2.5,0))+IF(J30="X",10,IF(J30="Y",5,0)) -> 5 | N30: =+IF(K30="X",1,0) -> 0 | O30: 42000 | P30: =+L30/12 -> 3500 | Q30: =+O30/12 -> 3500
A31: =+A30+1 -> 29 | B31: 32855132 | C31: Ahora Nación | D31: X | E31: X | H31: X | L31: 114407 | M31: =+IF(D31="X",1,0)+IF(E31="X",1,0)+IF(F31="X",2,0)+IF(G31="X",2,0)+IF(H31="X",3,IF(H31="Y",1.5,0))+IF(I31="X",5,IF(I31="Y",2.5,0))+IF(J31="X",10,IF(J31="Y",5,0)) -> 5 | N31: =+IF(K31="X",1,0) -> 0 | O31: 114407 | P31: =+L31/12 -> 9533.9167 | Q31: =+O31/12 -> 9533.9167
A32: =+A31+1 -> 30 | B32: 40318653 | C32: Ahora Nación | D32: X | E32: X | H32: X | L32: 44400 | M32: =+IF(D32="X",1,0)+IF(E32="X",1,0)+IF(F32="X",2,0)+IF(G32="X",2,0)+IF(H32="X",3,IF(H32="Y",1.5,0))+IF(I32="X",5,IF(I32="Y",2.5,0))+IF(J32="X",10,IF(J32="Y",5,0)) -> 5 | N32: =+IF(K32="X",1,0) -> 0 | O32: 44400 | P32: =+L32/12 -> 3700 | Q32: =+O32/12 -> 3700
L33: =+AVERAGE(L3:L32) -> 102117.18 | M33: =+AVERAGE(M3:M32) -> 7.75 | N33: =+SUM(N3:N32) -> 0 | O33: =+AVERAGE(O3:O32) -> 82468.889 | P33: =+AVERAGE(P3:P32) -> 8509.7649 | Q33: =+AVERAGE(Q3:Q32) -> 6872.4074 | R33: =30-COUNTBLANK(R3:R32) -> 1
L34: =+STDEV(L3:L32) -> 99923.434 | M34: =+STDEV(M3:M32) -> 5.7437567 | O34: =+STDEV(O3:O32) -> 65750.792 | P34: =+STDEV(P3:P32) -> 8326.9528 | Q34: =+STDEV(Q3:Q32) -> 5479.2327
K35: Con Cero | L35: =+COUNTIF(L3:L32,0) -> 0 | M35: =+COUNT(M3:M32) -> 28 | P35: =+COUNTIF(P3:P32,0) -> 0
A37: 1 | B37: 07845838 | C37: Renovación Popular | D37: X | E37: X | H37: X | I37: X | L37: 1897374 | M37: =+IF(D37="X",1,0)+IF(E37="X",1,0)+IF(F37="X",2,0)+IF(G37="X",2,0)+IF(H37="X",3,IF(H37="Y",1.5,0))+IF(I37="X",5,IF(I37="Y",2.5,0))+IF(J37="X",10,IF(J37="Y",5,0)) -> 10 | N37: =+IF(K37="X",1,0) -> 0 | P37: =+L37/12 -> 158114.5
A38: =+A37+1 -> 2 | B38: 08235876 | C38: Renovación Popular | D38: X | E38: X | L38: 0 | M38: =+IF(D38="X",1,0)+IF(E38="X",1,0)+IF(F38="X",2,0)+IF(G38="X",2,0)+IF(H38="X",3,IF(H38="Y",1.5,0))+IF(I38="X",5,IF(I38="Y",2.5,0))+IF(J38="X",10,IF(J38="Y",5,0)) -> 2 | N38: =+IF(K38="X",1,0) -> 0 | P38: =+L38/12 -> 0 | S38: Fuerza Popular | T38: Congresista
A39: =+A38+1 -> 3 | B39: 45209282 | C39: Renovación Popular | D39: X | E39: X | L39: 237928.72 | M39: =+IF(D39="X",1,0)+IF(E39="X",1,0)+IF(F39="X",2,0)+IF(G39="X",2,0)+IF(H39="X",3,IF(H39="Y",1.5,0))+IF(I39="X",5,IF(I39="Y",2.5,0))+IF(J39="X",10,IF(J39="Y",5,0)) -> 2 | N39: =+IF(K39="X",1,0) -> 0 | O39: 237928.72 | P39: =+L39/12 -> 19827.393 | Q39: =+O39/12 -> 19827.393 | R39: Renovación
A40: =+A39+1 -> 4 | B40: 25799622 | C40: Renovación Popular | D40: X | E40: X | H40: X | L40: 233142 | M40: =+IF(D40="X",1,0)+IF(E40="X",1,0)+IF(F40="X",2,0)+IF(G40="X",2,0)+IF(H40="X",3,IF(H40="Y",1.5,0))+IF(I40="X",5,IF(I40="Y",2.5,0))+IF(J40="X",10,IF(J40="Y",5,0)) -> 5 | N40: =+IF(K40="X",1,0) -> 0 | O40: 233142 | P40: =+L40/12 -> 19428.5 | Q40: =+O40/12 -> 19428.5 | U40: Jefa de Asesores - Congresistas
A41: =+A40+1 -> 5 | B41: 09376064 | C41: Renovación Popular | D41: X | E41: X | H41: X | I41: X | J41: X | K41: X | L41: 123028 | M41: =+IF(D41="X",1,0)+IF(E41="X",1,0)+IF(F41="X",2,0)+IF(G41="X",2,0)+IF(H41="X",3,IF(H41="Y",1.5,0))+IF(I41="X",5,IF(I41="Y",2.5,0))+IF(J41="X",10,IF(J41="Y",5,0)) -> 20 | N41: =+IF(K41="X",1,0) -> 1 | O41: 123028 | P41: =+L41/12 -> 10252.333 | Q41: =+O41/12 -> 10252.333 | S41: Peru 2000 | T41: Congresista
A42: =+A41+1 -> 6 | B42: 16429203 | C42: Renovación Popular | D42: X | E42: X | H42: X | L42: 187200 | M42: =+IF(D42="X",1,0)+IF(E42="X",1,0)+IF(F42="X",2,0)+IF(G42="X",2,0)+IF(H42="X",3,IF(H42="Y",1.5,0))+IF(I42="X",5,IF(I42="Y",2.5,0))+IF(J42="X",10,IF(J42="Y",5,0)) -> 5 | N42: =+IF(K42="X",1,0) -> 0 | O42: 187200 | P42: =+L42/12 -> 15600 | Q42: =+O42/12 -> 15600 | R42: Renovación
A43: =+A42+1 -> 7 | B43: 19996239 | C43: Renovación Popular | D43: X | E43: X | H43: X | K43: X | L43: 366000 | M43: =+IF(D43="X",1,0)+IF(E43="X",1,0)+IF(F43="X",2,0)+IF(G43="X",2,0)+IF(H43="X",3,IF(H43="Y",1.5,0))+IF(I43="X",5,IF(I43="Y",2.5,0))+IF(J43="X",10,IF(J43="Y",5,0)) -> 5 | N43: =+IF(K43="X",1,0) -> 1 | O43: 366000 | P43: =+L43/12 -> 30500 | Q43: =+O43/12 -> 30500
A44: =+A43+1 -> 8 | B44: 07237776 | C44: Renovación Popular | D44: X | E44: X | H44: X | L44: 0 | M44: =+IF(D44="X",1,0)+IF(E44="X",1,0)+IF(F44="X",2,0)+IF(G44="X",2,0)+IF(H44="X",3,IF(H44="Y",1.5,0))+IF(I44="X",5,IF(I44="Y",2.5,0))+IF(J44="X",10,IF(J44="Y",5,0)) -> 5 | N44: =+IF(K44="X",1,0) -> 0 | P44: =+L44/12 -> 0
A45: =+A44+1 -> 9 | B45: 01539305 | C45: Renovación Popular | D45: X | E45: X | H45: X | I45: X | J45: X | K45: X | L45: 155267.66 | M45: =+IF(D45="X",1,0)+IF(E45="X",1,0)+IF(F45="X",2,0)+IF(G45="X",2,0)+IF(H45="X",3,IF(H45="Y",1.5,0))+IF(I45="X",5,IF(I45="Y",2.5,0))+IF(J45="X",10,IF(J45="Y",5,0)) -> 20 | N45: =+IF(K45="X",1,0) -> 1 | O45: 155267.66 | P45: =+L45/12 -> 12938.972 | Q45: =+O45/12 -> 12938.972
A46: =+A45+1 -> 10 | B46: 06281336 | C46: Renovación Popular | D46: X | E46: X | L46: 240000 | M46: =+IF(D46="X",1,0)+IF(E46="X",1,0)+IF(F46="X",2,0)+IF(G46="X",2,0)+IF(H46="X",3,IF(H46="Y",1.5,0))+IF(I46="X",5,IF(I46="Y",2.5,0))+IF(J46="X",10,IF(J46="Y",5,0)) -> 2 | N46: =+IF(K46="X",1,0) -> 0 | O46: 240000 | P46: =+L46/12 -> 20000 | Q46: =+O46/12 -> 20000
A47: =+A46+1 -> 11 | B47: 40697243 | C47: Renovación Popular | D47: X | E47: X | H47: X | L47: 150000 | M47: =+IF(D47="X",1,0)+IF(E47="X",1,0)+IF(F47="X",2,0)+IF(G47="X",2,0)+IF(H47="X",3,IF(H47="Y",1.5,0))+IF(I47="X",5,IF(I47="Y",2.5,0))+IF(J47="X",10,IF(J47="Y",5,0)) -> 5 | N47: =+IF(K47="X",1,0) -> 0 | O47: 150000 | P47: =+L47/12 -> 12500 | Q47: =+O47/12 -> 12500
A48: =+A47+1 -> 12 | B48: 10404860 | C48: Renovación Popular | D48: X | E48: X | F48: X | H48: X | L48: 7105.6 | M48: =+IF(D48="X",1,0)+IF(E48="X",1,0)+IF(F48="X",2,0)+IF(G48="X",2,0)+IF(H48="X",3,IF(H48="Y",1.5,0))+IF(I48="X",5,IF(I48="Y",2.5,0))+IF(J48="X",10,IF(J48="Y",5,0)) -> 7 | N48: =+IF(K48="X",1,0) -> 0 | O48: 7105.6 | P48: =+L48/12 -> 592.13333 | Q48: =+O48/12 -> 592.13333
A49: =+A48+1 -> 13 | B49: 09153292 | C49: Renovación Popular | D49: X | E49: X | F49: X | L49: 125000 | M49: =+IF(D49="X",1,0)+IF(E49="X",1,0)+IF(F49="X",2,0)+IF(G49="X",2,0)+IF(H49="X",3,IF(H49="Y",1.5,0))+IF(I49="X",5,IF(I49="Y",2.5,0))+IF(J49="X",10,IF(J49="Y",5,0)) -> 4 | N49: =+IF(K49="X",1,0) -> 0 | O49: 125000 | P49: =+L49/12 -> 10416.667 | Q49: =+O49/12 -> 10416.667
A50: =+A49+1 -> 14
A51: =+A50+1 -> 15 | B51: 25716428 | C51: Renovación Popular | D51: X | E51: X | L51: 215013 | M51: =+IF(D51="X",1,0)+IF(E51="X",1,0)+IF(F51="X",2,0)+IF(G51="X",2,0)+IF(H51="X",3,IF(H51="Y",1.5,0))+IF(I51="X",5,IF(I51="Y",2.5,0))+IF(J51="X",10,IF(J51="Y",5,0)) -> 2 | N51: =+IF(K51="X",1,0) -> 0 | O51: 215013 | P51: =+L51/12 -> 17917.75 | Q51: =+O51/12 -> 17917.75
A52: =+A51+1 -> 16 | B52: 10381510 | C52: Renovación Popular | D52: X | E52: X | F52: X | H52: X | L52: 80000 | M52: =+IF(D52="X",1,0)+IF(E52="X",1,0)+IF(F52="X",2,0)+IF(G52="X",2,0)+IF(H52="X",3,IF(H52="Y",1.5,0))+IF(I52="X",5,IF(I52="Y",2.5,0))+IF(J52="X",10,IF(J52="Y",5,0)) -> 7 | N52: =+IF(K52="X",1,0) -> 0 | O52: 80000 | P52: =+L52/12 -> 6666.6667 | Q52: =+O52/12 -> 6666.6667
A53: =+A52+1 -> 17 | B53: 07258001 | C53: Renovación Popular | D53: X | E53: X | F53: X | K53: X | L53: 142571 | M53: =+IF(D53="X",1,0)+IF(E53="X",1,0)+IF(F53="X",2,0)+IF(G53="X",2,0)+IF(H53="X",3,IF(H53="Y",1.5,0))+IF(I53="X",5,IF(I53="Y",2.5,0))+IF(J53="X",10,IF(J53="Y",5,0)) -> 4 | N53: =+IF(K53="X",1,0) -> 1 | O53: 142571 | P53: =+L53/12 -> 11880.917 | Q53: =+O53/12 -> 11880.917
A54: =+A53+1 -> 18 | B54: 06977611 | C54: Renovación Popular | D54: X | E54: X | H54: X | L54: 0 | M54: =+IF(D54="X",1,0)+IF(E54="X",1,0)+IF(F54="X",2,0)+IF(G54="X",2,0)+IF(H54="X",3,IF(H54="Y",1.5,0))+IF(I54="X",5,IF(I54="Y",2.5,0))+IF(J54="X",10,IF(J54="Y",5,0)) -> 5 | N54: =+IF(K54="X",1,0) -> 0 | P54: =+L54/12 -> 0
A55: =+A54+1 -> 19 | B55: 07882250 | C55: Renovación Popular | D55: X | E55: X | F55: X | L55: 64200 | M55: =+IF(D55="X",1,0)+IF(E55="X",1,0)+IF(F55="X",2,0)+IF(G55="X",2,0)+IF(H55="X",3,IF(H55="Y",1.5,0))+IF(I55="X",5,IF(I55="Y",2.5,0))+IF(J55="X",10,IF(J55="Y",5,0)) -> 4 | N55: =+IF(K55="X",1,0) -> 0 | O55: 64200 | P55: =+L55/12 -> 5350 | Q55: =+O55/12 -> 5350
A56: =+A55+1 -> 20 | B56: 07559128 | C56: Renovación Popular | D56: X | E56: X | G56: X | H56: X | I56: X | L56: 474293.53 | M56: =+IF(D56="X",1,0)+IF(E56="X",1,0)+IF(F56="X",2,0)+IF(G56="X",2,0)+IF(H56="X",3,IF(H56="Y",1.5,0))+IF(I56="X",5,IF(I56="Y",2.5,0))+IF(J56="X",10,IF(J56="Y",5,0)) -> 12 | N56: =+IF(K56="X",1,0) -> 0 | O56: 474293.53 | P56: =+L56/12 -> 39524.461 | Q56: =+O56/12 -> 39524.461
A57: =+A56+1 -> 21 | B57: 06178060 | C57: Renovación Popular | D57: X | E57: X | H57: X | I57: X | L57: 0 | M57: =+IF(D57="X",1,0)+IF(E57="X",1,0)+IF(F57="X",2,0)+IF(G57="X",2,0)+IF(H57="X",3,IF(H57="Y",1.5,0))+IF(I57="X",5,IF(I57="Y",2.5,0))+IF(J57="X",10,IF(J57="Y",5,0)) -> 10 | N57: =+IF(K57="X",1,0) -> 0 | P57: =+L57/12 -> 0
A58: =+A57+1 -> 22 | B58: 07670848 | C58: Renovación Popular | D58: X | E58: X | L58: 0 | M58: =+IF(D58="X",1,0)+IF(E58="X",1,0)+IF(F58="X",2,0)+IF(G58="X",2,0)+IF(H58="X",3,IF(H58="Y",1.5,0))+IF(I58="X",5,IF(I58="Y",2.5,0))+IF(J58="X",10,IF(J58="Y",5,0)) -> 2 | N58: =+IF(K58="X",1,0) -> 0 | P58: =+L58/12 -> 0
A59: =+A58+1 -> 23 | B59: 21520551 | C59: Renovación Popular | D59: X | E59: X | H59: X | I59: X | L59: 390142.24 | M59: =+IF(D59="X",1,0)+IF(E59="X",1,0)+IF(F59="X",2,0)+IF(G59="X",2,0)+IF(H59="X",3,IF(H59="Y",1.5,0))+IF(I59="X",5,IF(I59="Y",2.5,0))+IF(J59="X",10,IF(J59="Y",5,0)) -> 10 | N59: =+IF(K59="X",1,0) -> 0 | O59: 390142.24 | P59: =+L59/12 -> 32511.853 | Q59: =+O59/12 -> 32511.853
A60: =+A59+1 -> 24 | B60: 80285197 | C60: Renovación Popular | D60: X | E60: X | L60: 0 | M60: =+IF(D60="X",1,0)+IF(E60="X",1,0)+IF(F60="X",2,0)+IF(G60="X",2,0)+IF(H60="X",3,IF(H60="Y",1.5,0))+IF(I60="X",5,IF(I60="Y",2.5,0))+IF(J60="X",10,IF(J60="Y",5,0)) -> 2 | N60: =+IF(K60="X",1,0) -> 0 | P60: =+L60/12 -> 0
A61: =+A60+1 -> 25 | B61: 18067974 | C61: Renovación Popular | D61: X | E61: X | F61: X | H61: X | L61: 52500 | M61: =+IF(D61="X",1,0)+IF(E61="X",1,0)+IF(F61="X",2,0)+IF(G61="X",2,0)+IF(H61="X",3,IF(H61="Y",1.5,0))+IF(I61="X",5,IF(I61="Y",2.5,0))+IF(J61="X",10,IF(J61="Y",5,0)) -> 7 | N61: =+IF(K61="X",1,0) -> 0 | O61: 52500 | P61: =+L61/12 -> 4375 | Q61: =+O61/12 -> 4375
A62: =+A61+1 -> 26 | B62: 09709749 | C62: Renovación Popular | D62: X | E62: X | L62: 0 | M62: =+IF(D62="X",1,0)+IF(E62="X",1,0)+IF(F62="X",2,0)+IF(G62="X",2,0)+IF(H62="X",3,IF(H62="Y",1.5,0))+IF(I62="X",5,IF(I62="Y",2.5,0))+IF(J62="X",10,IF(J62="Y",5,0)) -> 2 | N62: =+IF(K62="X",1,0) -> 0 | P62: =+L62/12 -> 0
A63: =+A62+1 -> 27 | B63: 40222052 | C63: Renovación Popular | D63: X | E63: X | K63: X | L63: 1208 | M63: =+IF(D63="X",1,0)+IF(E63="X",1,0)+IF(F63="X",2,0)+IF(G63="X",2,0)+IF(H63="X",3,IF(H63="Y",1.5,0))+IF(I63="X",5,IF(I63="Y",2.5,0))+IF(J63="X",10,IF(J63="Y",5,0)) -> 2 | N63: =+IF(K63="X",1,0) -> 1 | O63: 1208 | P63: =+L63/12 -> 100.66667 | Q63: =+O63/12 -> 100.66667
A64: =+A63+1 -> 28 | B64: 09483562 | C64: Renovación Popular | D64: X | E64: X | F64: X | G64: X | L64: 55200 | M64: =+IF(D64="X",1,0)+IF(E64="X",1,0)+IF(F64="X",2,0)+IF(G64="X",2,0)+IF(H64="X",3,IF(H64="Y",1.5,0))+IF(I64="X",5,IF(I64="Y",2.5,0))+IF(J64="X",10,IF(J64="Y",5,0)) -> 6 | N64: =+IF(K64="X",1,0) -> 0 | O64: 55200 | P64: =+L64/12 -> 4600 | Q64: =+O64/12 -> 4600
A65: =+A64+1 -> 29 | B65: 07590902 | C65: Renovación Popular | D65: X | E65: X | H65: X | I65: X | L65: 107000 | M65: =+IF(D65="X",1,0)+IF(E65="X",1,0)+IF(F65="X",2,0)+IF(G65="X",2,0)+IF(H65="X",3,IF(H65="Y",1.5,0))+IF(I65="X",5,IF(I65="Y",2.5,0))+IF(J65="X",10,IF(J65="Y",5,0)) -> 10 | N65: =+IF(K65="X",1,0) -> 0 | O65: 107000 | P65: =+L65/12 -> 8916.6667 | Q65: =+O65/12 -> 8916.6667
A66: =+A65+1 -> 30 | B66: 09763353 | C66: Renovación Popular | D66: X | E66: X | F66: X | L66: 24000 | M66: =+IF(D66="X",1,0)+IF(E66="X",1,0)+IF(F66="X",2,0)+IF(G66="X",2,0)+IF(H66="X",3,IF(H66="Y",1.5,0))+IF(I66="X",5,IF(I66="Y",2.5,0))+IF(J66="X",10,IF(J66="Y",5,0)) -> 4 | N66: =+IF(K66="X",1,0) -> 0 | O66: 24000 | P66: =+L66/12 -> 2000 | Q66: =+O66/12 -> 2000
L67: =+AVERAGE(L37:L66) -> 183730.13 | M67: =+AVERAGE(M37:M66) -> 6.2413793 | N67: =+SUM(N37:N66) -> 5 | O67: =+AVERAGE(O37:O66) -> 163371.42 | P67: =+AVERAGE(P37:P66) -> 15310.844 | Q67: =+AVERAGE(Q37:Q66) -> 13614.285 | R67: =30-COUNTBLANK(R37:R66) -> 2
L68: =+STDEV(L37:L66) -> 353964.3 | M68: =+STDEV(M37:M66) -> 4.7932629 | O68: =+STDEV(O37:O66) -> 127781.79 | P68: =+STDEV(P37:P66) -> 29497.025 | Q68: =+STDEV(Q37:Q66) -> 10648.482
K69: Con Cero | L69: =+COUNTIF(L37:L66,0) -> 7 | M69: =+COUNT(M37:M66) -> 29 | P69: =+COUNTIF(P37:P66,0) -> 7
A71: 1 | B71: 40433187 | C71: Fuerza Popular | D71: X | E71: X | H71: X | I71: X | L71: 613593.87 | M71: =+IF(D71="X",1,0)+IF(E71="X",1,0)+IF(F71="X",2,0)+IF(G71="X",2,0)+IF(H71="X",3,IF(H71="Y",1.5,0))+IF(I71="X",5,IF(I71="Y",2.5,0))+IF(J71="X",10,IF(J71="Y",5,0)) -> 10 | N71: =+IF(K71="X",1,0) -> 0 | O71: 336950 | P71: =+L71/12 -> 51132.823 | Q71: =+O71/12 -> 28079.167
A72: =+A71+1 -> 2 | B72: 07960843 | C72: Fuerza Popular | D72: X | E72: X | H72: X | L72: 336950 | M72: =+IF(D72="X",1,0)+IF(E72="X",1,0)+IF(F72="X",2,0)+IF(G72="X",2,0)+IF(H72="X",3,IF(H72="Y",1.5,0))+IF(I72="X",5,IF(I72="Y",2.5,0))+IF(J72="X",10,IF(J72="Y",5,0)) -> 5 | N72: =+IF(K72="X",1,0) -> 0 | O72: 336950 | P72: =+L72/12 -> 28079.167 | Q72: =+O72/12 -> 28079.167
A73: =+A72+1 -> 3 | B73: 07704730 | C73: Fuerza Popular | D73: X | E73: X | H73: X | L73: 387825 | M73: =+IF(D73="X",1,0)+IF(E73="X",1,0)+IF(F73="X",2,0)+IF(G73="X",2,0)+IF(H73="X",3,IF(H73="Y",1.5,0))+IF(I73="X",5,IF(I73="Y",2.5,0))+IF(J73="X",10,IF(J73="Y",5,0)) -> 5 | N73: =+IF(K73="X",1,0) -> 0 | O73: 387825 | P73: =+L73/12 -> 32318.75 | Q73: =+O73/12 -> 32318.75 | R73: FP
A74: =+A73+1 -> 4 | B74: 07831436 | C74: Fuerza Popular | D74: X | E74: X | H74: X | L74: 256708 | M74: =+IF(D74="X",1,0)+IF(E74="X",1,0)+IF(F74="X",2,0)+IF(G74="X",2,0)+IF(H74="X",3,IF(H74="Y",1.5,0))+IF(I74="X",5,IF(I74="Y",2.5,0))+IF(J74="X",10,IF(J74="Y",5,0)) -> 5 | N74: =+IF(K74="X",1,0) -> 0 | O74: 256708 | P74: =+L74/12 -> 21392.333 | Q74: =+O74/12 -> 21392.333 | R74: FP
A75: =+A74+1 -> 5 | B75: 10307948 | C75: Fuerza Popular | D75: X | E75: X | H75: X | I75: X | J75: X | L75: 174626 | M75: =+IF(D75="X",1,0)+IF(E75="X",1,0)+IF(F75="X",2,0)+IF(G75="X",2,0)+IF(H75="X",3,IF(H75="Y",1.5,0))+IF(I75="X",5,IF(I75="Y",2.5,0))+IF(J75="X",10,IF(J75="Y",5,0)) -> 20 | N75: =+IF(K75="X",1,0) -> 0 | O75: 174626 | P75: =+L75/12 -> 14552.167 | Q75: =+O75/12 -> 14552.167
A76: =+A75+1 -> 6 | B76: 08911520 | C76: Fuerza Popular | D76: X | E76: X | H76: Y | L76: 220688 | M76: =+IF(D76="X",1,0)+IF(E76="X",1,0)+IF(F76="X",2,0)+IF(G76="X",2,0)+IF(H76="X",3,IF(H76="Y",1.5,0))+IF(I76="X",5,IF(I76="Y",2.5,0))+IF(J76="X",10,IF(J76="Y",5,0)) -> 3.5 | N76: =+IF(K76="X",1,0) -> 0 | O76: 220688 | P76: =+L76/12 -> 18390.667 | Q76: =+O76/12 -> 18390.667 | R76: FP
A77: =+A76+1 -> 7 | B77: 43341622 | C77: Fuerza Popular | D77: X | E77: X | H77: X | L77: 291205 | M77: =+IF(D77="X",1,0)+IF(E77="X",1,0)+IF(F77="X",2,0)+IF(G77="X",2,0)+IF(H77="X",3,IF(H77="Y",1.5,0))+IF(I77="X",5,IF(I77="Y",2.5,0))+IF(J77="X",10,IF(J77="Y",5,0)) -> 5 | N77: =+IF(K77="X",1,0) -> 0 | O77: 291205 | P77: =+L77/12 -> 24267.083 | Q77: =+O77/12 -> 24267.083
A78: =+A77+1 -> 8 | B78: 07201147 | C78: Fuerza Popular | D78: X | E78: X | H78: X | L78: 309287.19 | M78: =+IF(D78="X",1,0)+IF(E78="X",1,0)+IF(F78="X",2,0)+IF(G78="X",2,0)+IF(H78="X",3,IF(H78="Y",1.5,0))+IF(I78="X",5,IF(I78="Y",2.5,0))+IF(J78="X",10,IF(J78="Y",5,0)) -> 5 | N78: =+IF(K78="X",1,0) -> 0 | O78: 309287.19 | P78: =+L78/12 -> 25773.932 | Q78: =+O78/12 -> 25773.932
A79: =+A78+1 -> 9 | B79: 08266314 | C79: Fuerza Popular | D79: X | E79: X | H79: X | I79: X | J79: X | K79: X | L79: 647829.76 | M79: =+IF(D79="X",1,0)+IF(E79="X",1,0)+IF(F79="X",2,0)+IF(G79="X",2,0)+IF(H79="X",3,IF(H79="Y",1.5,0))+IF(I79="X",5,IF(I79="Y",2.5,0))+IF(J79="X",10,IF(J79="Y",5,0)) -> 20 | N79: =+IF(K79="X",1,0) -> 1 | P79: =+L79/12 -> 53985.813
A80: =+A79+1 -> 10 | B80: 29731107 | C80: Fuerza Popular | D80: X | E80: X | H80: X | L80: 96000 | M80: =+IF(D80="X",1,0)+IF(E80="X",1,0)+IF(F80="X",2,0)+IF(G80="X",2,0)+IF(H80="X",3,IF(H80="Y",1.5,0))+IF(I80="X",5,IF(I80="Y",2.5,0))+IF(J80="X",10,IF(J80="Y",5,0)) -> 5 | N80: =+IF(K80="X",1,0) -> 0 | O80: 96000 | P80: =+L80/12 -> 8000 | Q80: =+O80/12 -> 8000
A81: =+A80+1 -> 11 | B81: 08195809 | C81: Fuerza Popular | D81: X | E81: X | H81: X | I81: X | L81: 30000 | M81: =+IF(D81="X",1,0)+IF(E81="X",1,0)+IF(F81="X",2,0)+IF(G81="X",2,0)+IF(H81="X",3,IF(H81="Y",1.5,0))+IF(I81="X",5,IF(I81="Y",2.5,0))+IF(J81="X",10,IF(J81="Y",5,0)) -> 10 | N81: =+IF(K81="X",1,0) -> 0 | O81: 30000 | P81: =+L81/12 -> 2500 | Q81: =+O81/12 -> 2500
A82: =+A81+1 -> 12 | B82: 16766539 | C82: Fuerza Popular | D82: X | E82: X | H82: X | L82: 49656 | M82: =+IF(D82="X",1,0)+IF(E82="X",1,0)+IF(F82="X",2,0)+IF(G82="X",2,0)+IF(H82="X",3,IF(H82="Y",1.5,0))+IF(I82="X",5,IF(I82="Y",2.5,0))+IF(J82="X",10,IF(J82="Y",5,0)) -> 5 | N82: =+IF(K82="X",1,0) -> 0 | O82: 49656 | P82: =+L82/12 -> 4138 | Q82: =+O82/12 -> 4138
A83: =+A82+1 -> 13 | B83: 08262491 | C83: Fuerza Popular | D83: X | E83: X | H83: X | I83: X | L83: 93864 | M83: =+IF(D83="X",1,0)+IF(E83="X",1,0)+IF(F83="X",2,0)+IF(G83="X",2,0)+IF(H83="X",3,IF(H83="Y",1.5,0))+IF(I83="X",5,IF(I83="Y",2.5,0))+IF(J83="X",10,IF(J83="Y",5,0)) -> 10 | N83: =+IF(K83="X",1,0) -> 0 | O83: 93864 | P83: =+L83/12 -> 7822 | Q83: =+O83/12 -> 7822
A84: =+A83+1 -> 14 | B84: 15408077 | C84: Fuerza Popular | D84: X | E84: X | G84: X | H84: X | K84: X | L84: 1 | M84: =+IF(D84="X",1,0)+IF(E84="X",1,0)+IF(F84="X",2,0)+IF(G84="X",2,0)+IF(H84="X",3,IF(H84="Y",1.5,0))+IF(I84="X",5,IF(I84="Y",2.5,0))+IF(J84="X",10,IF(J84="Y",5,0)) -> 7 | N84: =+IF(K84="X",1,0) -> 1 | P84: =+L84/12 -> 0.083333333
A85: =+A84+1 -> 15 | B85: 08723038 | C85: Fuerza Popular | D85: X | E85: X | H85: X | L85: 158400 | M85: =+IF(D85="X",1,0)+IF(E85="X",1,0)+IF(F85="X",2,0)+IF(G85="X",2,0)+IF(H85="X",3,IF(H85="Y",1.5,0))+IF(I85="X",5,IF(I85="Y",2.5,0))+IF(J85="X",10,IF(J85="Y",5,0)) -> 5 | N85: =+IF(K85="X",1,0) -> 0 | O85: 158400 | P85: =+L85/12 -> 13200 | Q85: =+O85/12 -> 13200
A86: =+A85+1 -> 16 | B86: 09980339 | C86: Fuerza Popular | D86: X | E86: X | L86: 450476.5 | M86: =+IF(D86="X",1,0)+IF(E86="X",1,0)+IF(F86="X",2,0)+IF(G86="X",2,0)+IF(H86="X",3,IF(H86="Y",1.5,0))+IF(I86="X",5,IF(I86="Y",2.5,0))+IF(J86="X",10,IF(J86="Y",5,0)) -> 2 | N86: =+IF(K86="X",1,0) -> 0 | O86: 450476.5 | P86: =+L86/12 -> 37539.708 | Q86: =+O86/12 -> 37539.708 | R86: FP
A87: =+A86+1 -> 17 | B87: 21564196 | C87: Fuerza Popular | D87: X | E87: X | H87: X | I87: X | K87: X | L87: 417122.56 | M87: =+IF(D87="X",1,0)+IF(E87="X",1,0)+IF(F87="X",2,0)+IF(G87="X",2,0)+IF(H87="X",3,IF(H87="Y",1.5,0))+IF(I87="X",5,IF(I87="Y",2.5,0))+IF(J87="X",10,IF(J87="Y",5,0)) -> 10 | N87: =+IF(K87="X",1,0) -> 1 | O87: 417122.56 | P87: =+L87/12 -> 34760.213 | Q87: =+O87/12 -> 34760.213 | R87: FP
A88: =+A87+1 -> 18 | B88: 01235019 | C88: Fuerza Popular | D88: X | E88: X | L88: 15000 | M88: =+IF(D88="X",1,0)+IF(E88="X",1,0)+IF(F88="X",2,0)+IF(G88="X",2,0)+IF(H88="X",3,IF(H88="Y",1.5,0))+IF(I88="X",5,IF(I88="Y",2.5,0))+IF(J88="X",10,IF(J88="Y",5,0)) -> 2 | N88: =+IF(K88="X",1,0) -> 0 | O88: 15000 | P88: =+L88/12 -> 1250 | Q88: =+O88/12 -> 1250
A89: =+A88+1 -> 19 | B89: 08261544 | C89: Fuerza Popular | D89: X | E89: X | H89: X | I89: X | J89: X | K89: X | L89: 226000 | M89: =+IF(D89="X",1,0)+IF(E89="X",1,0)+IF(F89="X",2,0)+IF(G89="X",2,0)+IF(H89="X",3,IF(H89="Y",1.5,0))+IF(I89="X",5,IF(I89="Y",2.5,0))+IF(J89="X",10,IF(J89="Y",5,0)) -> 20 | N89: =+IF(K89="X",1,0) -> 1 | O89: 226000 | P89: =+L89/12 -> 18833.333 | Q89: =+O89/12 -> 18833.333
A90: =+A89+1 -> 20 | B90: 04641322 | C90: Fuerza Popular | D90: X | E90: X | F90: X | L90: 98392 | M90: =+IF(D90="X",1,0)+IF(E90="X",1,0)+IF(F90="X",2,0)+IF(G90="X",2,0)+IF(H90="X",3,IF(H90="Y",1.5,0))+IF(I90="X",5,IF(I90="Y",2.5,0))+IF(J90="X",10,IF(J90="Y",5,0)) -> 4 | N90: =+IF(K90="X",1,0) -> 0 | O90: 98392 | P90: =+L90/12 -> 8199.3333 | Q90: =+O90/12 -> 8199.3333
A91: =+A90+1 -> 21 | B91: 42133581 | C91: Fuerza Popular | D91: X | E91: X | H91: X | L91: 51470 | M91: =+IF(D91="X",1,0)+IF(E91="X",1,0)+IF(F91="X",2,0)+IF(G91="X",2,0)+IF(H91="X",3,IF(H91="Y",1.5,0))+IF(I91="X",5,IF(I91="Y",2.5,0))+IF(J91="X",10,IF(J91="Y",5,0)) -> 5 | N91: =+IF(K91="X",1,0) -> 0 | O91: 51470 | P91: =+L91/12 -> 4289.1667 | Q91: =+O91/12 -> 4289.1667
A92: =+A91+1 -> 22 | B92: 21448945 | C92: Fuerza Popular | D92: X | E92: X | F92: X | H92: X | L92: 93600 | M92: =+IF(D92="X",1,0)+IF(E92="X",1,0)+IF(F92="X",2,0)+IF(G92="X",2,0)+IF(H92="X",3,IF(H92="Y",1.5,0))+IF(I92="X",5,IF(I92="Y",2.5,0))+IF(J92="X",10,IF(J92="Y",5,0)) -> 7 | N92: =+IF(K92="X",1,0) -> 0 | O92: 93600 | P92: =+L92/12 -> 7800 | Q92: =+O92/12 -> 7800
A93: =+A92+1 -> 23 | B93: 10181163 | C93: Fuerza Popular | D93: X | E93: X | H93: X | K93: X | L93: 145442.03 | M93: =+IF(D93="X",1,0)+IF(E93="X",1,0)+IF(F93="X",2,0)+IF(G93="X",2,0)+IF(H93="X",3,IF(H93="Y",1.5,0))+IF(I93="X",5,IF(I93="Y",2.5,0))+IF(J93="X",10,IF(J93="Y",5,0)) -> 5 | N93: =+IF(K93="X",1,0) -> 1 | O93: 145442.03 | P93: =+L93/12 -> 12120.169 | Q93: =+O93/12 -> 12120.169
A94: =+A93+1 -> 24 | B94: 05277192 | C94: Fuerza Popular | D94: X | E94: X | H94: X | I94: X | K94: X | L94: 72600 | M94: =+IF(D94="X",1,0)+IF(E94="X",1,0)+IF(F94="X",2,0)+IF(G94="X",2,0)+IF(H94="X",3,IF(H94="Y",1.5,0))+IF(I94="X",5,IF(I94="Y",2.5,0))+IF(J94="X",10,IF(J94="Y",5,0)) -> 10 | N94: =+IF(K94="X",1,0) -> 1 | O94: 72600 | P94: =+L94/12 -> 6050 | Q94: =+O94/12 -> 6050
A95: =+A94+1 -> 25 | B95: 02811100 | C95: Fuerza Popular | D95: X | E95: X | H95: X | I95: X | L95: 157000 | M95: =+IF(D95="X",1,0)+IF(E95="X",1,0)+IF(F95="X",2,0)+IF(G95="X",2,0)+IF(H95="X",3,IF(H95="Y",1.5,0))+IF(I95="X",5,IF(I95="Y",2.5,0))+IF(J95="X",10,IF(J95="Y",5,0)) -> 10 | N95: =+IF(K95="X",1,0) -> 0 | O95: 157000 | P95: =+L95/12 -> 13083.333 | Q95: =+O95/12 -> 13083.333
A96: =+A95+1 -> 26 | B96: 16161900 | C96: Fuerza Popular | D96: X | E96: X | L96: 9360 | M96: =+IF(D96="X",1,0)+IF(E96="X",1,0)+IF(F96="X",2,0)+IF(G96="X",2,0)+IF(H96="X",3,IF(H96="Y",1.5,0))+IF(I96="X",5,IF(I96="Y",2.5,0))+IF(J96="X",10,IF(J96="Y",5,0)) -> 2 | N96: =+IF(K96="X",1,0) -> 0 | O96: 9360 | P96: =+L96/12 -> 780 | Q96: =+O96/12 -> 780
A97: =+A96+1 -> 27 | B97: 02883935 | C97: Fuerza Popular | D97: X | E97: X | H97: X | L97: 102330 | M97: =+IF(D97="X",1,0)+IF(E97="X",1,0)+IF(F97="X",2,0)+IF(G97="X",2,0)+IF(H97="X",3,IF(H97="Y",1.5,0))+IF(I97="X",5,IF(I97="Y",2.5,0))+IF(J97="X",10,IF(J97="Y",5,0)) -> 5 | N97: =+IF(K97="X",1,0) -> 0 | O97: 102330 | P97: =+L97/12 -> 8527.5 | Q97: =+O97/12 -> 8527.5
A98: =+A97+1 -> 28 | B98: 06776959 | C98: Fuerza Popular | D98: X | E98: X | F98: X | G98: X | H98: X | L98: 121194 | M98: =+IF(D98="X",1,0)+IF(E98="X",1,0)+IF(F98="X",2,0)+IF(G98="X",2,0)+IF(H98="X",3,IF(H98="Y",1.5,0))+IF(I98="X",5,IF(I98="Y",2.5,0))+IF(J98="X",10,IF(J98="Y",5,0)) -> 9 | N98: =+IF(K98="X",1,0) -> 0 | O98: 121194 | P98: =+L98/12 -> 10099.5 | Q98: =+O98/12 -> 10099.5
A99: =+A98+1 -> 29 | B99: 08963680 | C99: Fuerza Popular | D99: X | E99: X | H99: X | L99: 203837.6 | M99: =+IF(D99="X",1,0)+IF(E99="X",1,0)+IF(F99="X",2,0)+IF(G99="X",2,0)+IF(H99="X",3,IF(H99="Y",1.5,0))+IF(I99="X",5,IF(I99="Y",2.5,0))+IF(J99="X",10,IF(J99="Y",5,0)) -> 5 | N99: =+IF(K99="X",1,0) -> 0 | O99: 203837.6 | P99: =+L99/12 -> 16986.467 | Q99: =+O99/12 -> 16986.467
A100: =+A99+1 -> 30 | B100: 33734661 | C100: Fuerza Popular | D100: X | E100: X | L100: 0 | M100: =+IF(D100="X",1,0)+IF(E100="X",1,0)+IF(F100="X",2,0)+IF(G100="X",2,0)+IF(H100="X",3,IF(H100="Y",1.5,0))+IF(I100="X",5,IF(I100="Y",2.5,0))+IF(J100="X",10,IF(J100="Y",5,0)) -> 2 | N100: =+IF(K100="X",1,0) -> 0 | P100: =+L100/12 -> 0
L101: =+AVERAGE(L71:L100) -> 194348.62 | M101: =+AVERAGE(M71:M100) -> 7.2833333 | N101: =+SUM(N71:N100) -> 6 | O101: =+AVERAGE(O71:O100) -> 181703.11 | P101: =+AVERAGE(P71:P100) -> 16195.718 | Q101: =+AVERAGE(Q71:Q100) -> 15141.926 | R101: =30-COUNTBLANK(R71:R100) -> 5
L102: =+STDEV(L71:L100) -> 172826.73 | M102: =+STDEV(M71:M100) -> 5.0235366 | O102: =+STDEV(O71:O100) -> 127892.19 | P102: =+STDEV(P71:P100) -> 14402.227 | Q102: =+STDEV(Q71:Q100) -> 10657.683
K103: Con Cero | L103: =+COUNTIF(L71:L100,0) -> 1 | M103: =+COUNT(M71:M100) -> 30 | P103: =+COUNTIF(P71:P100,0) -> 1
...

Sheet Resumen
C1: Ingresos Mensuales Totales | G1: Preparación | I1: Sentencias | K1: Ingresos Mensuales Efectivos | N1: =1130*4 -> 4520
B2: Partido | C2: Promedio | D2: Desv. Standard | E2: # con Cero | F2: # Candidatos | G2: Promedio | H2: Desv. Standard | I2: Total | J2: Porcentaje | K2: Promedio | L2: Desv. Standard | M2: # Candidatos | N2: # Cand Efec | O2: TK1 | P2: TK2 | Q2: TK3 | R2: Cong Reel
A3: 1 | B3: =INDIRECT(ADDRESS(34*(A3-1)+3,3,,,"Crudo")) -> Ahora Nación | C3: =INDIRECT(ADDRESS(34*(A3-1)+33,16,,,"Crudo")) -> 8509.7649 | D3: =INDIRECT(ADDRESS(34*(A3-1)+34,16,,,"Crudo")) -> 8326.9528 | E3: =INDIRECT(ADDRESS(34*(A3-1)+35,12,,,"Crudo")) -> 0 | F3: =+E3/M3 -> 0 | G3: =INDIRECT(ADDRESS(34*(A3-1)+33,13,,,"Crudo")) -> 7.75 | H3: =INDIRECT(ADDRESS(34*(A3-1)+34,13,,,"Crudo")) -> 5.7437567 | I3: =INDIRECT(ADDRESS(34*(A3-1)+33,14,,,"Crudo")) -> 0 | J3: =+I3/M3 -> 0 | K3: =INDIRECT(ADDRESS(34*(A3-1)+33,17,,,"Crudo")) -> 6872.4074 | L3: =INDIRECT(ADDRESS(34*(A3-1)+34,17,,,"Crudo")) -> 5479.2327 | M3: =INDIRECT(ADDRESS(34*(A3-1)+35,13,,,"Crudo")) -> 28 | N3: =+M3-E3 -> 28 | O3: =+VLOOKUP(B3,[1]RESUMEN!$A$2:$D$40,2,FALSE) -> 0.28571429 | P3: =+VLOOKUP(B3,[1]RESUMEN!$A$2:$D$40,3,FALSE) -> 0.28571429 | Q3: =+VLOOKUP(B3,[1]RESUMEN!$A$2:$D$40,4,FALSE) -> 0.27777778 | R3: =INDIRECT(ADDRESS(34*(A3-1)+33,18,,,"Crudo")) -> 1
A4: =+A3+1 -> 2 | B4: =INDIRECT(ADDRESS(34*(A4-1)+3,3,,,"Crudo")) -> Renovación Popular | C4: =INDIRECT(ADDRESS(34*(A4-1)+33,16,,,"Crudo")) -> 15310.844 | D4: =INDIRECT(ADDRESS(34*(A4-1)+34,16,,,"Crudo")) -> 29497.025 | E4: =INDIRECT(ADDRESS(34*(A4-1)+35,12,,,"Crudo")) -> 7 | F4: =+E4/M4 -> 0.24137931 | G4: =INDIRECT(ADDRESS(34*(A4-1)+33,13,,,"Crudo")) -> 6.2413793 | H4: =INDIRECT(ADDRESS(34*(A4-1)+34,13,,,"Crudo")) -> 4.7932629 | I4: =INDIRECT(ADDRESS(34*(A4-1)+33,14,,,"Crudo")) -> 5 | J4: =+I4/M4 -> 0.17241379 | K4: =INDIRECT(ADDRESS(34*(A4-1)+33,17,,,"Crudo")) -> 13614.285 | L4: =INDIRECT(ADDRESS(34*(A4-1)+34,17,,,"Crudo")) -> 10648.482 | M4: =INDIRECT(ADDRESS(34*(A4-1)+35,13,,,"Crudo")) -> 29 | N4: =+M4-E4 -> 22 | O4: =+VLOOKUP(B4,[1]RESUMEN!$A$2:$D$40,2,FALSE) -> 1 | P4: =+VLOOKUP(B4,[1]RESUMEN!$A$2:$D$40,3,FALSE) -> 0 | Q4: =+VLOOKUP(B4,[1]RESUMEN!$A$2:$D$40,4,FALSE) -> 1 | R4: =INDIRECT(ADDRESS(34*(A4-1)+33,18,,,"Crudo")) -> 2
A5: =+A4+1 -> 3 | B5: =INDIRECT(ADDRESS(34*(A5-1)+3,3,,,"Crudo")) -> Fuerza Popular | C5: =INDIRECT(ADDRESS(34*(A5-1)+33,16,,,"Crudo")) -> 16195.718 | D5: =INDIRECT(ADDRESS(34*(A5-1)+34,16,,,"Crudo")) -> 14402.227 | E5: =INDIRECT(ADDRESS(34*(A5-1)+35,12,,,"Crudo")) -> 1 | F5: =+E5/M5 -> 0.033333333 | G5: =INDIRECT(ADDRESS(34*(A5-1)+33,13,,,"Crudo")) -> 7.2833333 | H5: =INDIRECT(ADDRESS(34*(A5-1)+34,13,,,"Crudo")) -> 5.0235366 | I5: =INDIRECT(ADDRESS(34*(A5-1)+33,14,,,"Crudo")) -> 6 | J5: =+I5/M5 -> 0.2 | K5: =INDIRECT(ADDRESS(34*(A5-1)+33,17,,,"Crudo")) -> 15141.926 | L5: =INDIRECT(ADDRESS(34*(A5-1)+34,17,,,"Crudo")) -> 10657.683 | M5: =INDIRECT(ADDRESS(34*(A5-1)+35,13,,,"Crudo")) -> 30 | N5: =+M5-E5 -> 29 | O5: =+VLOOKUP(B5,[1]RESUMEN!$A$2:$D$40,2,FALSE) -> 1 | P5: =+VLOOKUP(B5,[1]RESUMEN!$A$2:$D$40,3,FALSE) -> 0 | Q5: =+VLOOKUP(B5,[1]RESUMEN!$A$2:$D$40,4,FALSE) -> 1 | R5: =INDIRECT(ADDRESS(34*(A5-1)+33,18,,,"Crudo")) -> 5
A6: =+A5+1 -> 4 | B6: =INDIRECT(ADDRESS(34*(A6-1)+3,3,,,"Crudo")) -> Alianza para el Progreso | C6: =INDIRECT(ADDRESS(34*(A6-1)+33,16,,,"Crudo")) -> 42399.07 | D6: =INDIRECT(ADDRESS(34*(A6-1)+34,16,,,"Crudo")) -> 150040.03 | E6: =INDIRECT(ADDRESS(34*(A6-1)+35,12,,,"Crudo")) -> 3 | F6: =+E6/M6 -> 0.10344828 | G6: =INDIRECT(ADDRESS(34*(A6-1)+33,13,,,"Crudo")) -> 8.6724138 | H6: =INDIRECT(ADDRESS(34*(A6-1)+34,13,,,"Crudo")) -> 5.7651599 | I6: =INDIRECT(ADDRESS(34*(A6-1)+33,14,,,"Crudo")) -> 7 | J6: =+I6/M6 -> 0.24137931 | K6: =INDIRECT(ADDRESS(34*(A6-1)+33,17,,,"Crudo")) -> 16393.701 | L6: =INDIRECT(ADDRESS(34*(A6-1)+34,17,,,"Crudo")) -> 12570.068 | M6: =INDIRECT(ADDRESS(34*(A6-1)+35,13,,,"Crudo")) -> 29 | N6: =+M6-E6 -> 26 | O6: =+VLOOKUP(B6,[1]RESUMEN!$A$2:$D$40,2,FALSE) -> 1 | P6: =+VLOOKUP(B6,[1]RESUMEN!$A$2:$D$40,3,FALSE) -> 0 | Q6: =+VLOOKUP(B6,[1]RESUMEN!$A$2:$D$40,4,FALSE) -> 1 | R6: =INDIRECT(ADDRESS(34*(A6-1)+33,18,,,"Crudo")) -> 4
A7: =+A6+1 -> 5 | B7: =INDIRECT(ADDRESS(34*(A7-1)+3,3,,,"Crudo")) -> Juntos por el Perú | C7: =INDIRECT(ADDRESS(34*(A7-1)+33,16,,,"Crudo")) -> 8226.7181 | D7: =INDIRECT(ADDRESS(34*(A7-1)+34,16,,,"Crudo")) -> 16506.917 | E7: =INDIRECT(ADDRESS(34*(A7-1)+35,12,,,"Crudo")) -> 8 | F7: =+E7/M7 -> 0.26666667 | G7: =INDIRECT(ADDRESS(34*(A7-1)+33,13,,,"Crudo")) -> 5 | H7: =INDIRECT(ADDRESS(34*(A7-1)+34,13,,,"Crudo")) -> 3.8506605 | I7: =INDIRECT(ADDRESS(34*(A7-1)+33,14,,,"Crudo")) -> 2 | J7: =+I7/M7 -> 0.066666667 | K7: =INDIRECT(ADDRESS(34*(A7-1)+33,17,,,"Crudo")) -> 7985.3433 | L7: =INDIRECT(ADDRESS(34*(A7-1)+34,17,,,"Crudo")) -> 10804.794 | M7: =INDIRECT(ADDRESS(34*(A7-1)+35,13,,,"Crudo")) -> 30 | N7: =+M7-E7 -> 22 | O7: =+VLOOKUP(B7,[1]RESUMEN!$A$2:$D$40,2,FALSE) -> 1 | P7: =+VLOOKUP(B7,[1]RESUMEN!$A$2:$D$40,3,FALSE) -> 0 | Q7: =+VLOOKUP(B7,[1]RESUMEN!$A$2:$D$40,4,FALSE) -> 1 | R7: =INDIRECT(ADDRESS(34*(A7-1)+33,18,,,"Crudo")) -> 4
A8: =+A7+1 -> 6 | B8: =INDIRECT(ADDRESS(34*(A8-1)+3,3,,,"Crudo")) -> Buen Gobierno | C8: =INDIRECT(ADDRESS(34*(A8-1)+33,16,,,"Crudo")) -> 6373.2589 | D8: =INDIRECT(ADDRESS(34*(A8-1)+34,16,,,"Crudo")) -> 8562.9171 | E8: =INDIRECT(ADDRESS(34*(A8-1)+35,12,,,"Crudo")) -> 2 | F8: =+E8/M8 -> 0.066666667 | G8: =INDIRECT(ADDRESS(34*(A8-1)+33,13,,,"Crudo")) -> 6.1666667 | H8: =INDIRECT(ADDRESS(34*(A8-1)+34,13,,,"Crudo")) -> 3.8154254 | I8: =INDIRECT(ADDRESS(34*(A8-1)+33,14,,,"Crudo")) -> 1 | J8: =+I8/M8 -> 0.033333333 | K8: =INDIRECT(ADDRESS(34*(A8-1)+33,17,,,"Crudo")) -> 5266.158 | L8: =INDIRECT(ADDRESS(34*(A8-1)+34,17,,,"Crudo")) -> 5446.8126 | M8: =INDIRECT(ADDRESS(34*(A8-1)+35,13,,,"Crudo")) -> 30 | N8: =+M8-E8 -> 28 | O8: =+VLOOKUP(B8,[1]RESUMEN!$A$2:$D$40,2,FALSE) -> 0.16666667 | P8: =+VLOOKUP(B8,[1]RESUMEN!$A$2:$D$40,3,FALSE) -> 0.16666667 | Q8: =+VLOOKUP(B8,[1]RESUMEN!$A$2:$D$40,4,FALSE) -> 0.18333333 | R8: =INDIRECT(ADDRESS(34*(A8-1)+33,18,,,"Crudo")) -> 0
A9: =+A8+1 -> 7 | B9: =INDIRECT(ADDRESS(34*(A9-1)+3,3,,,"Crudo")) -> Obras | C9: =INDIRECT(ADDRESS(34*(A9-1)+33,16,,,"Crudo")) -> 2769.8314 | D9: =INDIRECT(ADDRESS(34*(A9-1)+34,16,,,"Crudo")) -> 5039.9981 | E9: =INDIRECT(ADDRESS(34*(A9-1)+35,12,,,"Crudo")) -> 9 | F9: =+E9/M9 -> 0.3 | G9: =INDIRECT(ADDRESS(34*(A9-1)+33,13,,,"Crudo")) -> 3.7 | H9: =INDIRECT(ADDRESS(34*(A9-1)+34,13,,,"Crudo")) -> 2.2916641 | I9: =INDIRECT(ADDRESS(34*(A9-1)+33,14,,,"Crudo")) -> 2 | J9: =+I9/M9 -> 0.066666667 | K9: =INDIRECT(ADDRESS(34*(A9-1)+33,17,,,"Crudo")) -> 3308.4868 | L9: =INDIRECT(ADDRESS(34*(A9-1)+34,17,,,"Crudo")) -> 4320.5012 | M9: =INDIRECT(ADDRESS(34*(A9-1)+35,13,,,"Crudo")) -> 30 | N9: =+M9-E9 -> 21 | O9: =+VLOOKUP(B9,[1]RESUMEN!$A$2:$D$40,2,FALSE) -> 0.2 | P9: =+VLOOKUP(B9,[1]RESUMEN!$A$2:$D$40,3,FALSE) -> 0.2 | Q9: =+VLOOKUP(B9,[1]RESUMEN!$A$2:$D$40,4,FALSE) -> 0.18333333 | R9: =INDIRECT(ADDRESS(34*(A9-1)+33,18,,,"Crudo")) -> 0
A10: =+A9+1 -> 8 | B10: =INDIRECT(ADDRESS(34*(A10-1)+3,3,,,"Crudo")) -> Integridad Democrática | C10: =INDIRECT(ADDRESS(34*(A10-1)+33,16,,,"Crudo")) -> 3869.726 | D10: =INDIRECT(ADDRESS(34*(A10-1)+34,16,,,"Crudo")) -> 5453.1102 | E10: =INDIRECT(ADDRESS(34*(A10-1)+35,12,,,"Crudo")) -> 14 | F10: =+E10/M10 -> 0.46666667 | G10: =INDIRECT(ADDRESS(34*(A10-1)+33,13,,,"Crudo")) -> 7.9666667 | H10: =INDIRECT(ADDRESS(34*(A10-1)+34,13,,,"Crudo")) -> 6.0883344 | I10: =INDIRECT(ADDRESS(34*(A10-1)+33,14,,,"Crudo")) -> 0 | J10: =+I10/M10 -> 0 | K10: =INDIRECT(ADDRESS(34*(A10-1)+33,17,,,"Crudo")) -> 6195.9687 | L10: =INDIRECT(ADDRESS(34*(A10-1)+34,17,,,"Crudo")) -> 3777.0187 | M10: =INDIRECT(ADDRESS(34*(A10-1)+35,13,,,"Crudo")) -> 30 | N10: =+M10-E10 -> 16 | O10: =+VLOOKUP(B10,[1]RESUMEN!$A$2:$D$40,2,FALSE) -> 0.1 | P10: =+VLOOKUP(B10,[1]RESUMEN!$A$2:$D$40,3,FALSE) -> 0.1 | Q10: =+VLOOKUP(B10,[1]RESUMEN!$A$2:$D$40,4,FALSE) -> 0.11666667 | R10: =INDIRECT(ADDRESS(34*(A10-1)+33,18,,,"Crudo")) -> 0
A11: =+A10+1 -> 9 | B11: =INDIRECT(ADDRESS(34*(A11-1)+3,3,,,"Crudo")) -> Partido Morado | C11: =INDIRECT(ADDRESS(34*(A11-1)+33,16,,,"Crudo")) -> 8654.1486 | D11: =INDIRECT(ADDRESS(34*(A11-1)+34,16,,,"Crudo")) -> 10863.373 | E11: =INDIRECT(ADDRESS(34*(A11-1)+35,12,,,"Crudo")) -> 1 | F11: =+E11/M11 -> 0.035714286 | G11: =INDIRECT(ADDRESS(34*(A11-1)+33,13,,,"Crudo")) -> 6.5357143 | H11: =INDIRECT(ADDRESS(34*(A11-1)+34,13,,,"Crudo")) -> 3.6563708 | I11: =INDIRECT(ADDRESS(34*(A11-1)+33,14,,,"Crudo")) -> 2 | J11: =+I11/M11 -> 0.071428571 | K11: =INDIRECT(ADDRESS(34*(A11-1)+33,17,,,"Crudo")) -> 6928.5959 | L11: =INDIRECT(ADDRESS(34*(A11-1)+34,17,,,"Crudo")) -> 7778.2237 | M11: =INDIRECT(ADDRESS(34*(A11-1)+35,13,,,"Crudo")) -> 28 | N11: =+M11-E11 -> 27 | O11: =+VLOOKUP(B11,[1]RESUMEN!$A$2:$D$40,2,FALSE) -> 1 | P11: =+VLOOKUP(B11,[1]RESUMEN!$A$2:$D$40,3,FALSE) -> 0 | Q11: =+VLOOKUP(B11,[1]RESUMEN!$A$2:$D$40,4,FALSE) -> 1 | R11: =INDIRECT(ADDRESS(34*(A11-1)+33,18,,,"Crudo")) -> 0
A12: =+A11+1 -> 10 | B12: =INDIRECT(ADDRESS(34*(A12-1)+3,3,,,"Crudo")) -> Cooperación Popular | C12: =INDIRECT(ADDRESS(34*(A12-1)+33,16,,,"Crudo")) -> 3355.8839 | D12: =INDIRECT(ADDRESS(34*(A12-1)+34,16,,,"Crudo")) -> 6460.0595 | E12: =INDIRECT(ADDRESS(34*(A12-1)+35,12,,,"Crudo")) -> 0 | F12: =+E12/M12 -> 0 | G12: =INDIRECT(ADDRESS(34*(A12-1)+33,13,,,"Crudo")) -> 3.4285714 | H12: =INDIRECT(ADDRESS(34*(A12-1)+34,13,,,"Crudo")) -> 3.2366944 | I12: =INDIRECT(ADDRESS(34*(A12-1)+33,14,,,"Crudo")) -> 1 | J12: =+I12/M12 -> 0.035714286 | K12: =INDIRECT(ADDRESS(34*(A12-1)+33,17,,,"Crudo")) -> 1885.5772 | L12: =INDIRECT(ADDRESS(34*(A12-1)+34,17,,,"Crudo")) -> 1651.3348 | M12: =INDIRECT(ADDRESS(34*(A12-1)+35,13,,,"Crudo")) -> 28 | N12: =+M12-E12 -> 28 | O12: =+VLOOKUP(B12,[1]RESUMEN!$A$2:$D$40,2,FALSE) -> 0.21428571 | P12: =+VLOOKUP(B12,[1]RESUMEN!$A$2:$D$40,3,FALSE) -> 0.21428571 | Q12: =+VLOOKUP(B12,[1]RESUMEN!$A$2:$D$40,4,FALSE) -> 0.29090909 | R12: =INDIRECT(ADDRESS(34*(A12-1)+33,18,,,"Crudo")) -> 1
A13: =+A12+1 -> 11 | B13: =INDIRECT(ADDRESS(34*(A13-1)+3,3,,,"Crudo")) -> Unido Perú | C13: =INDIRECT(ADDRESS(34*(A13-1)+33,16,,,"Crudo")) -> 4439.022 | D13: =INDIRECT(ADDRESS(34*(A13-1)+34,16,,,"Crudo")) -> 3820.4286 | E13: =INDIRECT(ADDRESS(34*(A13-1)+35,12,,,"Crudo")) -> 2 | F13: =+E13/M13 -> 0.11111111 | G13: =INDIRECT(ADDRESS(34*(A13-1)+33,13,,,"Crudo")) -> 8.9166667 | H13: =INDIRECT(ADDRESS(34*(A13-1)+34,13,,,"Crudo")) -> 7.0549315 | I13: =INDIRECT(ADDRESS(34*(A13-1)+33,14,,,"Crudo")) -> 2 | J13: =+I13/M13 -> 0.11111111 | K13: =INDIRECT(ADDRESS(34*(A13-1)+33,17,,,"Crudo")) -> 4105.0597 | L13: =INDIRECT(ADDRESS(34*(A13-1)+34,17,,,"Crudo")) -> 2638.2567 | M13: =INDIRECT(ADDRESS(34*(A13-1)+35,13,,,"Crudo")) -> 18 | N13: =+M13-E13 -> 16 | O13: =+VLOOKUP(B13,[1]RESUMEN!$A$2:$D$40,2,FALSE) -> 0.33333333 | P13: =+VLOOKUP(B13,[1]RESUMEN!$A$2:$D$40,3,FALSE) -> 0.33333333 | Q13: =+VLOOKUP(B13,[1]RESUMEN!$A$2:$D$40,4,FALSE) -> 0.35714286 | R13: =INDIRECT(ADDRESS(34*(A13-1)+33,18,,,"Crudo")) -> 0
A14: =+A13+1 -> 12 | B14: =INDIRECT(ADDRESS(34*(A14-1)+3,3,,,"Crudo")) -> Pais para Todos | C14: =INDIRECT(ADDRESS(34*(A14-1)+33,16,,,"Crudo")) -> 7261.4849 | D14: =INDIRECT(ADDRESS(34*(A14-1)+34,16,,,"Crudo")) -> 10930.684 | E14: =INDIRECT(ADDRESS(34*(A14-1)+35,12,,,"Crudo")) -> 5 | F14: =+E14/M14 -> 0.20833333 | G14: =INDIRECT(ADDRESS(34*(A14-1)+33,13,,,"Crudo")) -> 8.7916667 | H14: =INDIRECT(ADDRESS(34*(A14-1)+34,13,,,"Crudo")) -> 6.9967643 | I14: =INDIRECT(ADDRESS(34*(A14-1)+33,14,,,"Crudo")) -> 1 | J14: =+I14/M14 -> 0.041666667 | K14: =INDIRECT(ADDRESS(34*(A14-1)+33,17,,,"Crudo")) -> 7635.3224 | L14: =INDIRECT(ADDRESS(34*(A14-1)+34,17,,,"Crudo")) -> 7237.4904 | M14: =INDIRECT(ADDRESS(34*(A14-1)+35,13,,,"Crudo")) -> 24 | N14: =+M14-E14 -> 19 | O14: =+VLOOKUP(B14,[1]RESUMEN!$A$2:$D$40,2,FALSE) -> 0.29166667 | P14: =+VLOOKUP(B14,[1]RESUMEN!$A$2:$D$40,3,FALSE) -> 0.29166667 | Q14: =+VLOOKUP(B14,[1]RESUMEN!$A$2:$D$40,4,FALSE) -> 0.28846154 | R14: =INDIRECT(ADDRESS(34*(A14-1)+33,18,,,"Crudo")) -> 0
A15: =+A14+1 -> 13 | B15: =INDIRECT(ADDRESS(34*(A15-1)+3,3,,,"Crudo")) -> Libertad Popular | C15: =INDIRECT(ADDRESS(34*(A15-1)+33,16,,,"Crudo")) -> 9145.1448 | D15: =INDIRECT(ADDRESS(34*(A15-1)+34,16,,,"Crudo")) -> 10920.548 | E15: =INDIRECT(ADDRESS(34*(A15-1)+35,12,,,"Crudo")) -> 2 | F15: =+E15/M15 -> 0.074074074 | G15: =INDIRECT(ADDRESS(34*(A15-1)+33,13,,,"Crudo")) -> 8.2592593 | H15: =INDIRECT(ADDRESS(34*(A15-1)+34,13,,,"Crudo")) -> 6.7058677 | I15: =INDIRECT(ADDRESS(34*(A15-1)+33,14,,,"Crudo")) -> 0 | J15: =+I15/M15 -> 0 | K15: =INDIRECT(ADDRESS(34*(A15-1)+33,17,,,"Crudo")) -> 9840.3712 | L15: =INDIRECT(ADDRESS(34*(A15-1)+34,17,,,"Crudo")) -> 11266.098 | M15: =INDIRECT(ADDRESS(34*(A15-1)+35,13,,,"Crudo")) -> 27 | N15: =+M15-E15 -> 25 | O15: =+VLOOKUP(B15,[1]RESUMEN!$A$2:$D$40,2,FALSE) -> 0.14814815 | P15: =+VLOOKUP(B15,[1]RESUMEN!$A$2:$D$40,3,FALSE) -> 0.14814815 | Q15: =+VLOOKUP(B15,[1]RESUMEN!$A$2:$D$40,4,FALSE) -> 0.14035088 | R15: =INDIRECT(ADDRESS(34*(A15-1)+33,18,,,"Crudo")) -> 0
... A37: =+A36+1 -> 35 | B37: =INDIRECT(ADDRESS(34*(A37-1)+3,3,,,"Crudo")) -> Peru Libre | C37: =INDIRECT(ADDRESS(34*(A37-1)+33,16,,,"Crudo")) -> 12131.861 | D37: =INDIRECT(ADDRESS(34*(A37-1)+34,16,,,"Crudo")) -> 12582.361 | E37: =INDIRECT(ADDRESS(34*(A37-1)+35,12,,,"Crudo")) -> 1 | F37: =+E37/M37 -> 0.033333333 | G37: =INDIRECT(ADDRESS(34*(A37-1)+33,13,,,"Crudo")) -> 6.9 | H37: =INDIRECT(ADDRESS(34*(A37-1)+34,13,,,"Crudo")) -> 5.3197744 | I37: =INDIRECT(ADDRESS(34*(A37-1)+33,14,,,"Crudo")) -> 3 | J37: =+I37/M37 -> 0.1 | K37: =INDIRECT(ADDRESS(34*(A37-1)+33,17,,,"Crudo")) -> 11726.846 | L37: =INDIRECT(ADDRESS(34*(A37-1)+34,17,,,"Crudo")) -> 12000.673 | M37: =INDIRECT(ADDRESS(34*(A37-1)+35,13,,,"Crudo")) -> 30 | N37: =+M37-E37 -> 29 | O37: =+VLOOKUP(B37,[1]RESUMEN!$A$2:$D$40,2,FALSE) -> 1 | P37: =+VLOOKUP(B37,[1]RESUMEN!$A$2:$D$40,3,FALSE) -> 0 | Q37: =+VLOOKUP(B37,[1]RESUMEN!$A$2:$D$40,4,FALSE) -> 1 | R37: =INDIRECT(ADDRESS(34*(A37-1)+33,18,,,"Crudo")) -> 6
A38: =+A37+1 -> 36 | B38: Salvemos al Perú
A39: =+A38+1 -> 37 | B39: Peru Moderno
A40: =+A39+1 -> 38 | B40: CPP

Sheet Crudo2
D1: =+COUNTIF(D3:D1191,"X") -> 957 | E1: =+COUNTIF(E3:E1191,"X") -> 939 | F1: =+COUNTIF(F3:F1191,"X") -> 146 | G1: =+COUNTIF(G3:G1191,"X") -> 66 | H1: =+COUNTIF(H3:H1191,"X") -> 547 | I1: =+COUNTIF(I3:I1191,"X") -> 234 | J1: =+COUNTIF(J3:J1191,"X") -> 0 | K1: =+COUNTIF(K3:K1191,"X") -> 56
A2: # | B2: DNI | C2: Partido | D2: Primaria | E2: Secundaria | F2: Tecnicos | G2: No Univ | H2: Univ | I2: Maestria | J2: Doctorado | K2: Sentencias | L2: Ingresos | M2: Estudios | N2: Sentencias | O2: Ingresos | P2: Ingresos | Q2: Ingresos
A3: 1 | B3: 25331980 | C3: Ahora Nación | D3: X | E3: X | H3: X | I3: X | J3: X1 | L3: 350000 | M3: =+IF(D3="X",1,0)+IF(E3="X",1,0)+IF(F3="X",2,0)+IF(G3="X",2,0)+IF(H3="X",3,IF(H3="Y",1.5,0))+IF(I3="X",5,IF(I3="Y",2.5,0))+IF(J3="X1",10,IF(J3="X2",5,IF(J3="X3",3,0))) -> 20 | N3: =+IF(K3="X",1,0) -> 0 | O3: 111742 | P3: =+L3/12 -> 29166.667 | Q3: =+O3/12 -> 9311.8333
A4: =+A3+1 -> 2 | B4: 21545374 | C4: Ahora Nación | D4: X | E4: X | H4: X | L4: 111742 | M4: =+IF(D4="X",1,0)+IF(E4="X",1,0)+IF(F4="X",2,0)+IF(G4="X",2,0)+IF(H4="X",3,IF(H4="Y",1.5,0))+IF(I4="X",5,IF(I4="Y",2.5,0))+IF(J4="X1",10,IF(J4="X2",5,IF(J4="X3",3,0))) -> 5 | N4: =+IF(K4="X",1,0) -> 0 | O4: 111742 | P4: =+L4/12 -> 9311.8333 | Q4: =+O4/12 -> 9311.8333
A5: =+A4+1 -> 3 | B5: 17826805 | C5: Ahora Nación | D5: X | E5: X | H5: X | L5: 147096 | M5: =+IF(D5="X",1,0)+IF(E5="X",1,0)+IF(F5="X",2,0)+IF(G5="X",2,0)+IF(H5="X",3,IF(H5="Y",1.5,0))+IF(I5="X",5,IF(I5="Y",2.5,0))+IF(J5="X1",10,IF(J5="X2",5,IF(J5="X3",3,0))) -> 5 | N5: =+IF(K5="X",1,0) -> 0 | O5: 147096 | P5: =+L5/12 -> 12258 | Q5: =+O5/12 -> 12258
A6: =+A5+1 -> 4 | B6: 26705695 | C6: Ahora Nación | D6: X | E6: X | H6: X | I6: X | L6: 110787 | M6: =+IF(D6="X",1,0)+IF(E6="X",1,0)+IF(F6="X",2,0)+IF(G6="X",2,0)+IF(H6="X",3,IF(H6="Y",1.5,0))+IF(I6="X",5,IF(I6="Y",2.5,0))+IF(J6="X1",10,IF(J6="X2",5,IF(J6="X3",3,0))) -> 10 | N6: =+IF(K6="X",1,0) -> 0 | O6: 110787 | P6: =+L6/12 -> 9232.25 | Q6: =+O6/12 -> 9232.25
A7: =+A6+1 -> 5 | B7: 07755878 | C7: Ahora Nación | D7: X | E7: X | H7: X | I7: X | L7: 217445 | M7: =+IF(D7="X",1,0)+IF(E7="X",1,0)+IF(F7="X",2,0)+IF(G7="X",2,0)+IF(H7="X",3,IF(H7="Y",1.5,0))+IF(I7="X",5,IF(I7="Y",2.5,0))+IF(J7="X1",10,IF(J7="X2",5,IF(J7="X3",3,0))) -> 10 | N7: =+IF(K7="X",1,0) -> 0 | O7: 217445 | P7: =+L7/12 -> 18120.417 | Q7: =+O7/12 -> 18120.417
A8: =+A7+1 -> 6 | B8: 09434755 | C8: Ahora Nación | D8: X | E8: X | H8: X | L8: 62558 | M8: =+IF(D8="X",1,0)+IF(E8="X",1,0)+IF(F8="X",2,0)+IF(G8="X",2,0)+IF(H8="X",3,IF(H8="Y",1.5,0))+IF(I8="X",5,IF(I8="Y",2.5,0))+IF(J8="X1",10,IF(J8="X2",5,IF(J8="X3",3,0))) -> 5 | N8: =+IF(K8="X",1,0) -> 0 | O8: 62558 | P8: =+L8/12 -> 5213.1667 | Q8: =+O8/12 -> 5213.1667
A9: =+A8+1 -> 7 | B9: 7250445
A10: =+A9+1 -> 8 | B10: 40204874 | C10: Ahora Nación | D10: X | E10: X | H10: X | L10: 394363 | M10: =+IF(D10="X",1,0)+IF(E10="X",1,0)+IF(F10="X",2,0)+IF(G10="X",2,0)+IF(H10="X",3,IF(H10="Y",1.5,0))+IF(I10="X",5,IF(I10="Y",2.5,0))+IF(J10="X1",10,IF(J10="X2",5,IF(J10="X3",3,0))) -> 5 | N10: =+IF(K10="X",1,0) -> 0 | P10: =+L10/12 -> 32863.583 | R10: Peru Libre
A11: =+A10+1 -> 9
A12: =+A11+1 -> 10 | B12: 40106921 | C12: Ahora Nación | D12: X | E12: X | H12: X | I12: X | L12: 90412.49 | M12: =+IF(D12="X",1,0)+IF(E12="X",1,0)+IF(F12="X",2,0)+IF(G12="X",2,0)+IF(H12="X",3,IF(H12="Y",1.5,0))+IF(I12="X",5,IF(I12="Y",2.5,0))+IF(J12="X1",10,IF(J12="X2",5,IF(J12="X3",3,0))) -> 10 | N12: =+IF(K12="X",1,0) -> 0 | O12: 90412.49 | P12: =+L12/12 -> 7534.3742 | Q12: =+O12/12 -> 7534.3742
A13: =+A12+1 -> 11 | B13: 08558627 | C13: Ahora Nación | D13: X | E13: X | H13: X | I13: X | J13: X2 | L13: 228837 | M13: =+IF(D13="X",1,0)+IF(E13="X",1,0)+IF(F13="X",2,0)+IF(G13="X",2,0)+IF(H13="X",3,IF(H13="Y",1.5,0))+IF(I13="X",5,IF(I13="Y",2.5,0))+IF(J13="X1",10,IF(J13="X2",5,IF(J13="X3",3,0))) -> 15 | N13: =+IF(K13="X",1,0) -> 0 | O13: 228837 | P13: =+L13/12 -> 19069.75 | Q13: =+O13/12 -> 19069.75
A14: =+A13+1 -> 12 | B14: 5293154 | C14: Ahora Nación | D14: X | E14: X | F14: X | L14: 44724 | M14: =+IF(D14="X",1,0)+IF(E14="X",1,0)+IF(F14="X",2,0)+IF(G14="X",2,0)+IF(H14="X",3,IF(H14="Y",1.5,0))+IF(I14="X",5,IF(I14="Y",2.5,0))+IF(J14="X1",10,IF(J14="X2",5,IF(J14="X3",3,0))) -> 4 | N14: =+IF(K14="X",1,0) -> 0 | O14: 44724 | P14: =+L14/12 -> 3727 | Q14: =+O14/12 -> 3727
A15: =+A14+1 -> 13 | B15: 08761632 | C15: Ahora Nación | D15: X | E15: X | H15: X | I15: X | J15: X2 | L15: 240000 | M15: =+IF(D15="X",1,0)+IF(E15="X",1,0)+IF(F15="X",2,0)+IF(G15="X",2,0)+IF(H15="X",3,IF(H15="Y",1.5,0))+IF(I15="X",5,IF(I15="Y",2.5,0))+IF(J15="X1",10,IF(J15="X2",5,IF(J15="X3",3,0))) -> 15 | N15: =+IF(K15="X",1,0) -> 0 | O15: 240000 | P15: =+L15/12 -> 20000 | Q15: =+O15/12 -> 20000
A16: =+A15+1 -> 14 | B16: 6272152 | C16: Ahora Nación | D16: X | E16: X | H16: X | I16: X | L16: 128400 | M16: =+IF(D16="X",1,0)+IF(E16="X",1,0)+IF(F16="X",2,0)+IF(G16="X",2,0)+IF(H16="X",3,IF(H16="Y",1.5,0))+IF(I16="X",5,IF(I16="Y",2.5,0))+IF(J16="X1",10,IF(J16="X2",5,IF(J16="X3",3,0))) -> 10 | N16: =+IF(K16="X",1,0) -> 0 | O16: 128400 | P16: =+L16/12 -> 10700 | Q16: =+O16/12 -> 10700
A17: =+A16+1 -> 15 | B17: 29470620 | C17: Ahora Nación | D17: X | E17: X | L17: 49000 | M17: =+IF(D17="X",1,0)+IF(E17="X",1,0)+IF(F17="X",2,0)+IF(G17="X",2,0)+IF(H17="X",3,IF(H17="Y",1.5,0))+IF(I17="X",5,IF(I17="Y",2.5,0))+IF(J17="X1",10,IF(J17="X2",5,IF(J17="X3",3,0))) -> 2 | N17: =+IF(K17="X",1,0) -> 0 | O17: 49000 | P17: =+L17/12 -> 4083.3333 | Q17: =+O17/12 -> 4083.3333
A18: =+A17+1 -> 16 | B18: 80146948 | C18: Ahora Nación | D18: X | E18: X | G18: X | L18: 93720 | M18: =+IF(D18="X",1,0)+IF(E18="X",1,0)+IF(F18="X",2,0)+IF(G18="X",2,0)+IF(H18="X",3,IF(H18="Y",1.5,0))+IF(I18="X",5,IF(I18="Y",2.5,0))+IF(J18="X1",10,IF(J18="X2",5,IF(J18="X3",3,0))) -> 4 | N18: =+IF(K18="X",1,0) -> 0 | O18: 93720 | P18: =+L18/12 -> 7810 | Q18: =+O18/12 -> 7810
A19: =+A18+1 -> 17 | B19: 29666418 | C19: Ahora Nación | D19: X | E19: X | H19: X | L19: 44000 | M19: =+IF(D19="X",1,0)+IF(E19="X",1,0)+IF(F19="X",2,0)+IF(G19="X",2,0)+IF(H19="X",3,IF(H19="Y",1.5,0))+IF(I19="X",5,IF(I19="Y",2.5,0))+IF(J19="X1",10,IF(J19="X2",5,IF(J19="X3",3,0))) -> 5 | N19: =+IF(K19="X",1,0) -> 0 | O19: 44000 | P19: =+L19/12 -> 3666.6667 | Q19: =+O19/12 -> 3666.6667
A20: =+A19+1 -> 18 | B20: 04742579 | C20: Ahora Nación | D20: X | E20: X | F20: X | H20: X | I20: X | L20: 18000 | M20: =+IF(D20="X",1,0)+IF(E20="X",1,0)+IF(F20="X",2,0)+IF(G20="X",2,0)+IF(H20="X",3,IF(H20="Y",1.5,0))+IF(I20="X",5,IF(I20="Y",2.5,0))+IF(J20="X1",10,IF(J20="X2",5,IF(J20="X3",3,0))) -> 12 | N20: =+IF(K20="X",1,0) -> 0 | O20: 18000 | P20: =+L20/12 -> 1500 | Q20: =+O20/12 -> 1500
A21: =+A20+1 -> 19 | B21: 6762849 | C21: Ahora Nación | D21: X | E21: X | L21: 36000 | M21: =+IF(D21="X",1,0)+IF(E21="X",1,0)+IF(F21="X",2,0)+IF(G21="X",2,0)+IF(H21="X",3,IF(H21="Y",1.5,0))+IF(I21="X",5,IF(I21="Y",2.5,0))+IF(J21="X1",10,IF(J21="X2",5,IF(J21="X3",3,0))) -> 2 | N21: =+IF(K21="X",1,0) -> 0 | O21: 36000 | P21: =+L21/12 -> 3000 | Q21: =+O21/12 -> 3000
A22: =+A21+1 -> 20 | B22: 7803059 | C22: Ahora Nación | D22: X | E22: X | F22: X | G22: X | I22: X | L22: 31000 | M22: =+IF(D22="X",1,0)+IF(E22="X",1,0)+IF(F22="X",2,0)+IF(G22="X",2,0)+IF(H22="X",3,IF(H22="Y",1.5,0))+IF(I22="X",5,IF(I22="Y",2.5,0))+IF(J22="X1",10,IF(J22="X2",5,IF(J22="X3",3,0))) -> 11 | N22: =+IF(K22="X",1,0) -> 0 | O22: 31000 | P22: =+L22/12 -> 2583.3333 | Q22: =+O22/12 -> 2583.3333
A23: =+A22+1 -> 21 | B23: 16767746 | C23: Ahora Nación | D23: X | E23: X | H23: X | L23: 6000 | M23: =+IF(D23="X",1,0)+IF(E23="X",1,0)+IF(F23="X",2,0)+IF(G23="X",2,0)+IF(H23="X",3,IF(H23="Y",1.5,0))+IF(I23="X",5,IF(I23="Y",2.5,0))+IF(J23="X1",10,IF(J23="X2",5,IF(J23="X3",3,0))) -> 5 | N23: =+IF(K23="X",1,0) -> 0 | O23: 6000 | P23: =+L23/12 -> 500 | Q23: =+O23/12 -> 500
A24: =+A23+1 -> 22 | B24: 16520088 | C24: Ahora Nación | D24: X | E24: X | L24: 14400 | M24: =+IF(D24="X",1,0)+IF(E24="X",1,0)+IF(F24="X",2,0)+IF(G24="X",2,0)+IF(H24="X",3,IF(H24="Y",1.5,0))+IF(I24="X",5,IF(I24="Y",2.5,0))+IF(J24="X1",10,IF(J24="X2",5,IF(J24="X3",3,0))) -> 2 | N24: =+IF(K24="X",1,0) -> 0 | O24: 14400 | P24: =+L24/12 -> 1200 | Q24: =+O24/12 -> 1200
A25: =+A24+1 -> 23 | B25: 01127044 | C25: Ahora Nación | D25: X | E25: X | H25: X | I25: X | J25: X2 | L25: 82800 | M25: =+IF(D25="X",1,0)+IF(E25="X",1,0)+IF(F25="X",2,0)+IF(G25="X",2,0)+IF(H25="X",3,IF(H25="Y",1.5,0))+IF(I25="X",5,IF(I25="Y",2.5,0))+IF(J25="X1",10,IF(J25="X2",5,IF(J25="X3",3,0))) -> 15 | N25: =+IF(K25="X",1,0) -> 0 | O25: 82800 | P25: =+L25/12 -> 6900 | Q25: =+O25/12 -> 6900
A26: =+A25+1 -> 24 | B26: 1149309 | C26: Ahora Nación | D26: X | E26: X | L26: 12000 | M26: =+IF(D26="X",1,0)+IF(E26="X",1,0)+IF(F26="X",2,0)+IF(G26="X",2,0)+IF(H26="X",3,IF(H26="Y",1.5,0))+IF(I26="X",5,IF(I26="Y",2.5,0))+IF(J26="X1",10,IF(J26="X2",5,IF(J26="X3",3,0))) -> 2 | N26: =+IF(K26="X",1,0) -> 0 | O26: 12000 | P26: =+L26/12 -> 1000 | Q26: =+O26/12 -> 1000
A27: =+A26+1 -> 25 | B27: 9099445 | C27: Ahora Nación | D27: X | E27: X | H27: X | I27: X | L27: 76500 | M27: =+IF(D27="X",1,0)+IF(E27="X",1,0)+IF(F27="X",2,0)+IF(G27="X",2,0)+IF(H27="X",3,IF(H27="Y",1.5,0))+IF(I27="X",5,IF(I27="Y",2.5,0))+IF(J27="X1",10,IF(J27="X2",5,IF(J27="X3",3,0))) -> 10 | N27: =+IF(K27="X",1,0) -> 0 | O27: 76500 | P27: =+L27/12 -> 6375 | Q27: =+O27/12 -> 6375
A28: =+A27+1 -> 26 | B28: 31616560 | C28: Ahora Nación | D28: X | E28: X | F28: X | L28: 8410.08 | M28: =+IF(D28="X",1,0)+IF(E28="X",1,0)+IF(F28="X",2,0)+IF(G28="X",2,0)+IF(H28="X",3,IF(H28="Y",1.5,0))+IF(I28="X",5,IF(I28="Y",2.5,0))+IF(J28="X1",10,IF(J28="X2",5,IF(J28="X3",3,0))) -> 4 | N28: =+IF(K28="X",1,0) -> 0 | O28: 8410.08 | P28: =+L28/12 -> 700.84 | Q28: =+O28/12 -> 700.84
A29: =+A28+1 -> 27 | B29: 9347247 | C29: Ahora Nación | D29: X | E29: X | F29: X | L29: 60279.44 | M29: =+IF(D29="X",1,0)+IF(E29="X",1,0)+IF(F29="X",2,0)+IF(G29="X",2,0)+IF(H29="X",3,IF(H29="Y",1.5,0))+IF(I29="X",5,IF(I29="Y",2.5,0))+IF(J29="X1",10,IF(J29="X2",5,IF(J29="X3",3,0))) -> 4 | N29: =+IF(K29="X",1,0) -> 0 | O29: 60279.44 | P29: =+L29/12 -> 5023.2867 | Q29: =+O29/12 -> 5023.2867
A30: =+A29+1 -> 28 | B30: 29285160 | C30: Ahora Nación | D30: X | E30: X | H30: X | L30: 42000 | M30: =+IF(D30="X",1,0)+IF(E30="X",1,0)+IF(F30="X",2,0)+IF(G30="X",2,0)+IF(H30="X",3,IF(H30="Y",1.5,0))+IF(I30="X",5,IF(I30="Y",2.5,0))+IF(J30="X1",10,IF(J30="X2",5,IF(J30="X3",3,0))) -> 5 | N30: =+IF(K30="X",1,0) -> 0 | O30: 42000 | P30: =+L30/12 -> 3500 | Q30: =+O30/12 -> 3500
A31: =+A30+1 -> 29 | B31: 32855132 | C31: Ahora Nación | D31: X | E31: X | H31: X | L31: 114407 | M31: =+IF(D31="X",1,0)+IF(E31="X",1,0)+IF(F31="X",2,0)+IF(G31="X",2,0)+IF(H31="X",3,IF(H31="Y",1.5,0))+IF(I31="X",5,IF(I31="Y",2.5,0))+IF(J31="X1",10,IF(J31="X2",5,IF(J31="X3",3,0))) -> 5 | N31: =+IF(K31="X",1,0) -> 0 | O31: 114407 | P31: =+L31/12 -> 9533.9167 | Q31: =+O31/12 -> 9533.9167
A32: =+A31+1 -> 30 | B32: 40318653 | C32: Ahora Nación | D32: X | E32: X | H32: X | L32: 44400 | M32: =+IF(D32="X",1,0)+IF(E32="X",1,0)+IF(F32="X",2,0)+IF(G32="X",2,0)+IF(H32="X",3,IF(H32="Y",1.5,0))+IF(I32="X",5,IF(I32="Y",2.5,0))+IF(J32="X1",10,IF(J32="X2",5,IF(J32="X3",3,0))) -> 5 | N32: =+IF(K32="X",1,0) -> 0 | O32: 44400 | P32: =+L32/12 -> 3700 | Q32: =+O32/12 -> 3700
L33: =+AVERAGE(L3:L32) -> 102117.18 | M33: =+AVERAGE(M3:M32) -> 7.3928571 | N33: =+SUM(N3:N32) -> 0 | O33: =+AVERAGE(O3:O32) -> 82468.889 | P33: =+AVERAGE(P3:P32) -> 8509.7649 | Q33: =+AVERAGE(Q3:Q32) -> 6872.4074
L34: =+STDEV(L3:L32) -> 99923.434 | M34: =+STDEV(M3:M32) -> 4.7713597 | O34: =+STDEV(O3:O32) -> 65750.792 | P34: =+STDEV(P3:P32) -> 8326.9528 | Q34: =+STDEV(Q3:Q32) -> 5479.2327
K35: Con Cero | L35: =+COUNTIF(L3:L32,0) -> 0 | M35: =+COUNT(M3:M32) -> 28 | P35: =+COUNTIF(P3:P32,0) -> 0
A37: 1 | B37: 07845838 | C37: Renovación Popular | D37: X | E37: X | H37: X | I37: X | L37: 1897374 | M37: =+IF(D37="X",1,0)+IF(E37="X",1,0)+IF(F37="X",2,0)+IF(G37="X",2,0)+IF(H37="X",3,IF(H37="Y",1.5,0))+IF(I37="X",5,IF(I37="Y",2.5,0))+IF(J37="X1",10,IF(J37="X2",5,IF(J37="X3",3,0))) -> 10 | N37: =+IF(K37="X",1,0) -> 0 | P37: =+L37/12 -> 158114.5
A38: =+A37+1 -> 2 | B38: 08235876 | C38: Renovación Popular | D38: X | E38: X | L38: 0 | M38: =+IF(D38="X",1,0)+IF(E38="X",1,0)+IF(F38="X",2,0)+IF(G38="X",2,0)+IF(H38="X",3,IF(H38="Y",1.5,0))+IF(I38="X",5,IF(I38="Y",2.5,0))+IF(J38="X1",10,IF(J38="X2",5,IF(J38="X3",3,0))) -> 2 | N38: =+IF(K38="X",1,0) -> 0 | P38: =+L38/12 -> 0 | S38: Fuerza Popular | T38: Congresista
A39: =+A38+1 -> 3 | B39: 45209282 | C39: Renovación Popular | D39: X | E39: X | L39: 237928.72 | M39: =+IF(D39="X",1,0)+IF(E39="X",1,0)+IF(F39="X",2,0)+IF(G39="X",2,0)+IF(H39="X",3,IF(H39="Y",1.5,0))+IF(I39="X",5,IF(I39="Y",2.5,0))+IF(J39="X1",10,IF(J39="X2",5,IF(J39="X3",3,0))) -> 2 | N39: =+IF(K39="X",1,0) -> 0 | O39: 237928.72 | P39: =+L39/12 -> 19827.393 | Q39: =+O39/12 -> 19827.393 | R39: Renovación
A40: =+A39+1 -> 4 | B40: 25799622 | C40: Renovación Popular | D40: X | E40: X | H40: X | L40: 233142 | M40: =+IF(D40="X",1,0)+IF(E40="X",1,0)+IF(F40="X",2,0)+IF(G40="X",2,0)+IF(H40="X",3,IF(H40="Y",1.5,0))+IF(I40="X",5,IF(I40="Y",2.5,0))+IF(J40="X1",10,IF(J40="X2",5,IF(J40="X3",3,0))) -> 5 | N40: =+IF(K40="X",1,0) -> 0 | O40: 233142 | P40: =+L40/12 -> 19428.5 | Q40: =+O40/12 -> 19428.5 | U40: Jefa de Asesores - Congresistas
A41: =+A40+1 -> 5 | B41: 09376064 | C41: Renovación Popular | D41: X | E41: X | H41: X | I41: X | J41: X2 | K41: X | L41: 123028 | M41: =+IF(D41="X",1,0)+IF(E41="X",1,0)+IF(F41="X",2,0)+IF(G41="X",2,0)+IF(H41="X",3,IF(H41="Y",1.5,0))+IF(I41="X",5,IF(I41="Y",2.5,0))+IF(J41="X1",10,IF(J41="X2",5,IF(J41="X3",3,0))) -> 15 | N41: =+IF(K41="X",1,0) -> 1 | O41: 123028 | P41: =+L41/12 -> 10252.333 | Q41: =+O41/12 -> 10252.333 | S41: Peru 2000 | T41: Congresista
A42: =+A41+1 -> 6 | B42: 16429203 | C42: Renovación Popular | D42: X | E42: X | H42: X | L42: 187200 | M42: =+IF(D42="X",1,0)+IF(E42="X",1,0)+IF(F42="X",2,0)+IF(G42="X",2,0)+IF(H42="X",3,IF(H42="Y",1.5,0))+IF(I42="X",5,IF(I42="Y",2.5,0))+IF(J42="X1",10,IF(J42="X2",5,IF(J42="X3",3,0))) -> 5 | N42: =+IF(K42="X",1,0) -> 0 | O42: 187200 | P42: =+L42/12 -> 15600 | Q42: =+O42/12 -> 15600 | R42: Renovación
A43: =+A42+1 -> 7 | B43: 19996239 | C43: Renovación Popular | D43: X | E43: X | H43: X | K43: X | L43: 366000 | M43: =+IF(D43="X",1,0)+IF(E43="X",1,0)+IF(F43="X",2,0)+IF(G43="X",2,0)+IF(H43="X",3,IF(H43="Y",1.5,0))+IF(I43="X",5,IF(I43="Y",2.5,0))+IF(J43="X1",10,IF(J43="X2",5,IF(J43="X3",3,0))) -> 5 | N43: =+IF(K43="X",1,0) -> 1 | O43: 366000 | P43: =+L43/12 -> 30500 | Q43: =+O43/12 -> 30500
A44: =+A43+1 -> 8 | B44: 07237776 | C44: Renovación Popular | D44: X | E44: X | H44: X | L44: 0 | M44: =+IF(D44="X",1,0)+IF(E44="X",1,0)+IF(F44="X",2,0)+IF(G44="X",2,0)+IF(H44="X",3,IF(H44="Y",1.5,0))+IF(I44="X",5,IF(I44="Y",2.5,0))+IF(J44="X1",10,IF(J44="X2",5,IF(J44="X3",3,0))) -> 5 | N44: =+IF(K44="X",1,0) -> 0 | P44: =+L44/12 -> 0
A45: =+A44+1 -> 9 | B45: 01539305 | C45: Renovación Popular | D45: X | E45: X | H45: X | I45: X | J45: X3 | K45: X | L45: 155267.66 | M45: =+IF(D45="X",1,0)+IF(E45="X",1,0)+IF(F45="X",2,0)+IF(G45="X",2,0)+IF(H45="X",3,IF(H45="Y",1.5,0))+IF(I45="X",5,IF(I45="Y",2.5,0))+IF(J45="X1",10,IF(J45="X2",5,IF(J45="X3",3,0))) -> 13 | N45: =+IF(K45="X",1,0) -> 1 | O45: 155267.66 | P45: =+L45/12 -> 12938.972 | Q45: =+O45/12 -> 12938.972
A46: =+A45+1 -> 10 | B46: 06281336 | C46: Renovación Popular | D46: X | E46: X | L46: 240000 | M46: =+IF(D46="X",1,0)+IF(E46="X",1,0)+IF(F46="X",2,0)+IF(G46="X",2,0)+IF(H46="X",3,IF(H46="Y",1.5,0))+IF(I46="X",5,IF(I46="Y",2.5,0))+IF(J46="X1",10,IF(J46="X2",5,IF(J46="X3",3,0))) -> 2 | N46: =+IF(K46="X",1,0) -> 0 | O46: 240000 | P46: =+L46/12 -> 20000 | Q46: =+O46/12 -> 20000
A47: =+A46+1 -> 11 | B47: 40697243 | C47: Renovación Popular | D47: X | E47: X | H47: X | L47: 150000 | M47: =+IF(D47="X",1,0)+IF(E47="X",1,0)+IF(F47="X",2,0)+IF(G47="X",2,0)+IF(H47="X",3,IF(H47="Y",1.5,0))+IF(I47="X",5,IF(I47="Y",2.5,0))+IF(J47="X1",10,IF(J47="X2",5,IF(J47="X3",3,0))) -> 5 | N47: =+IF(K47="X",1,0) -> 0 | O47: 150000 | P47: =+L47/12 -> 12500 | Q47: =+O47/12 -> 12500
A48: =+A47+1 -> 12 | B48: 10404860 | C48: Renovación Popular | D48: X | E48: X | F48: X | H48: X | L48: 7105.6 | M48: =+IF(D48="X",1,0)+IF(E48="X",1,0)+IF(F48="X",2,0)+IF(G48="X",2,0)+IF(H48="X",3,IF(H48="Y",1.5,0))+IF(I48="X",5,IF(I48="Y",2.5,0))+IF(J48="X1",10,IF(J48="X2",5,IF(J48="X3",3,0))) -> 7 | N48: =+IF(K48="X",1,0) -> 0 | O48: 7105.6 | P48: =+L48/12 -> 592.13333 | Q48: =+O48/12 -> 592.13333
A49: =+A48+1 -> 13 | B49: 09153292 | C49: Renovación Popular | D49: X | E49: X | F49: X | L49: 125000 | M49: =+IF(D49="X",1,0)+IF(E49="X",1,0)+IF(F49="X",2,0)+IF(G49="X",2,0)+IF(H49="X",3,IF(H49="Y",1.5,0))+IF(I49="X",5,IF(I49="Y",2.5,0))+IF(J49="X1",10,IF(J49="X2",5,IF(J49="X3",3,0))) -> 4 | N49: =+IF(K49="X",1,0) -> 0 | O49: 125000 | P49: =+L49/12 -> 10416.667 | Q49: =+O49/12 -> 10416.667
A50: =+A49+1 -> 14
A51: =+A50+1 -> 15 | B51: 25716428 | C51: Renovación Popular | D51: X | E51: X | L51: 215013 | M51: =+IF(D51="X",1,0)+IF(E51="X",1,0)+IF(F51="X",2,0)+IF(G51="X",2,0)+IF(H51="X",3,IF(H51="Y",1.5,0))+IF(I51="X",5,IF(I51="Y",2.5,0))+IF(J51="X1",10,IF(J51="X2",5,IF(J51="X3",3,0))) -> 2 | N51: =+IF(K51="X",1,0) -> 0 | O51: 215013 | P51: =+L51/12 -> 17917.75 | Q51: =+O51/12 -> 17917.75
A52: =+A51+1 -> 16 | B52: 10381510 | C52: Renovación Popular | D52: X | E52: X | F52: X | H52: X | L52: 80000 | M52: =+IF(D52="X",1,0)+IF(E52="X",1,0)+IF(F52="X",2,0)+IF(G52="X",2,0)+IF(H52="X",3,IF(H52="Y",1.5,0))+IF(I52="X",5,IF(I52="Y",2.5,0))+IF(J52="X1",10,IF(J52="X2",5,IF(J52="X3",3,0))) -> 7 | N52: =+IF(K52="X",1,0) -> 0 | O52: 80000 | P52: =+L52/12 -> 6666.6667 | Q52: =+O52/12 -> 6666.6667
A53: =+A52+1 -> 17 | B53: 07258001 | C53: Renovación Popular | D53: X | E53: X | F53: X | K53: X | L53: 142571 | M53: =+IF(D53="X",1,0)+IF(E53="X",1,0)+IF(F53="X",2,0)+IF(G53="X",2,0)+IF(H53="X",3,IF(H53="Y",1.5,0))+IF(I53="X",5,IF(I53="Y",2.5,0))+IF(J53="X1",10,IF(J53="X2",5,IF(J53="X3",3,0))) -> 4 | N53: =+IF(K53="X",1,0) -> 1 | O53: 142571 | P53: =+L53/12 -> 11880.917 | Q53: =+O53/12 -> 11880.917
A54: =+A53+1 -> 18 | B54: 06977611 | C54: Renovación Popular | D54: X | E54: X | H54: X | L54: 0 | M54: =+IF(D54="X",1,0)+IF(E54="X",1,0)+IF(F54="X",2,0)+IF(G54="X",2,0)+IF(H54="X",3,IF(H54="Y",1.5,0))+IF(I54="X",5,IF(I54="Y",2.5,0))+IF(J54="X1",10,IF(J54="X2",5,IF(J54="X3",3,0))) -> 5 | N54: =+IF(K54="X",1,0) -> 0 | P54: =+L54/12 -> 0
A55: =+A54+1 -> 19 | B55: 07882250 | C55: Renovación Popular | D55: X | E55: X | F55: X | L55: 64200 | M55: =+IF(D55="X",1,0)+IF(E55="X",1,0)+IF(F55="X",2,0)+IF(G55="X",2,0)+IF(H55="X",3,IF(H55="Y",1.5,0))+IF(I55="X",5,IF(I55="Y",2.5,0))+IF(J55="X1",10,IF(J55="X2",5,IF(J55="X3",3,0))) -> 4 | N55: =+IF(K55="X",1,0) -> 0 | O55: 64200 | P55: =+L55/12 -> 5350 | Q55: =+O55/12 -> 5350
A56: =+A55+1 -> 20 | B56: 07559128 | C56: Renovación Popular | D56: X | E56: X | G56: X | H56: X | I56: X | L56: 474293.53 | M56: =+IF(D56="X",1,0)+IF(E56="X",1,0)+IF(F56="X",2,0)+IF(G56="X",2,0)+IF(H56="X",3,IF(H56="Y",1.5,0))+IF(I56="X",5,IF(I56="Y",2.5,0))+IF(J56="X1",10,IF(J56="X2",5,IF(J56="X3",3,0))) -> 12 | N56: =+IF(K56="X",1,0) -> 0 | O56: 474293.53 | P56: =+L56/12 -> 39524.461 | Q56: =+O56/12 -> 39524.461
A57: =+A56+1 -> 21 | B57: 06178060 | C57: Renovación Popular | D57: X | E57: X | H57: X | I57: X | L57: 0 | M57: =+IF(D57="X",1,0)+IF(E57="X",1,0)+IF(F57="X",2,0)+IF(G57="X",2,0)+IF(H57="X",3,IF(H57="Y",1.5,0))+IF(I57="X",5,IF(I57="Y",2.5,0))+IF(J57="X1",10,IF(J57="X2",5,IF(J57="X3",3,0))) -> 10 | N57: =+IF(K57="X",1,0) -> 0 | P57: =+L57/12 -> 0
A58: =+A57+1 -> 22 | B58: 07670848 | C58: Renovación Popular | D58: X | E58: X | L58: 0 | M58: =+IF(D58="X",1,0)+IF(E58="X",1,0)+IF(F58="X",2,0)+IF(G58="X",2,0)+IF(H58="X",3,IF(H58="Y",1.5,0))+IF(I58="X",5,IF(I58="Y",2.5,0))+IF(J58="X1",10,IF(J58="X2",5,IF(J58="X3",3,0))) -> 2 | N58: =+IF(K58="X",1,0) -> 0 | P58: =+L58/12 -> 0
A59: =+A58+1 -> 23 | B59: 21520551 | C59: Renovación Popular | D59: X | E59: X | H59: X | I59: X | L59: 390142.24 | M59: =+IF(D59="X",1,0)+IF(E59="X",1,0)+IF(F59="X",2,0)+IF(G59="X",2,0)+IF(H59="X",3,IF(H59="Y",1.5,0))+IF(I59="X",5,IF(I59="Y",2.5,0))+IF(J59="X1",10,IF(J59="X2",5,IF(J59="X3",3,0))) -> 10 | N59: =+IF(K59="X",1,0) -> 0 | O59: 390142.24 | P59: =+L59/12 -> 32511.853 | Q59: =+O59/12 -> 32511.853
A60: =+A59+1 -> 24 | B60: 80285197 | C60: Renovación Popular | D60: X | E60: X | L60: 0 | M60: =+IF(D60="X",1,0)+IF(E60="X",1,0)+IF(F60="X",2,0)+IF(G60="X",2,0)+IF(H60="X",3,IF(H60="Y",1.5,0))+IF(I60="X",5,IF(I60="Y",2.5,0))+IF(J60="X1",10,IF(J60="X2",5,IF(J60="X3",3,0))) -> 2 | N60: =+IF(K60="X",1,0) -> 0 | P60: =+L60/12 -> 0
A61: =+A60+1 -> 25 | B61: 18067974 | C61: Renovación Popular | D61: X | E61: X | F61: X | H61: X | L61: 52500 | M61: =+IF(D61="X",1,0)+IF(E61="X",1,0)+IF(F61="X",2,0)+IF(G61="X",2,0)+IF(H61="X",3,IF(H61="Y",1.5,0))+IF(I61="X",5,IF(I61="Y",2.5,0))+IF(J61="X1",10,IF(J61="X2",5,IF(J61="X3",3,0))) -> 7 | N61: =+IF(K61="X",1,0) -> 0 | O61: 52500 | P61: =+L61/12 -> 4375 | Q61: =+O61/12 -> 4375
A62: =+A61+1 -> 26 | B62: 09709749 | C62: Renovación Popular | D62: X | E62: X | L62: 0 | M62: =+IF(D62="X",1,0)+IF(E62="X",1,0)+IF(F62="X",2,0)+IF(G62="X",2,0)+IF(H62="X",3,IF(H62="Y",1.5,0))+IF(I62="X",5,IF(I62="Y",2.5,0))+IF(J62="X1",10,IF(J62="X2",5,IF(J62="X3",3,0))) -> 2 | N62: =+IF(K62="X",1,0) -> 0 | P62: =+L62/12 -> 0
A63: =+A62+1 -> 27 | B63: 40222052 | C63: Renovación Popular | D63: X | E63: X | K63: X | L63: 1208 | M63: =+IF(D63="X",1,0)+IF(E63="X",1,0)+IF(F63="X",2,0)+IF(G63="X",2,0)+IF(H63="X",3,IF(H63="Y",1.5,0))+IF(I63="X",5,IF(I63="Y",2.5,0))+IF(J63="X1",10,IF(J63="X2",5,IF(J63="X3",3,0))) -> 2 | N63: =+IF(K63="X",1,0) -> 1 | O63: 1208 | P63: =+L63/12 -> 100.66667 | Q63: =+O63/12 -> 100.66667
A64: =+A63+1 -> 28 | B64: 09483562 | C64: Renovación Popular | D64: X | E64: X | F64: X | G64: X | L64: 55200 | M64: =+IF(D64="X",1,0)+IF(E64="X",1,0)+IF(F64="X",2,0)+IF(G64="X",2,0)+IF(H64="X",3,IF(H64="Y",1.5,0))+IF(I64="X",5,IF(I64="Y",2.5,0))+IF(J64="X1",10,IF(J64="X2",5,IF(J64="X3",3,0))) -> 6 | N64: =+IF(K64="X",1,0) -> 0 | O64: 55200 | P64: =+L64/12 -> 4600 | Q64: =+O64/12 -> 4600
A65: =+A64+1 -> 29 | B65: 07590902 | C65: Renovación Popular | D65: X | E65: X | H65: X | I65: X | L65: 107000 | M65: =+IF(D65="X",1,0)+IF(E65="X",1,0)+IF(F65="X",2,0)+IF(G65="X",2,0)+IF(H65="X",3,IF(H65="Y",1.5,0))+IF(I65="X",5,IF(I65="Y",2.5,0))+IF(J65="X1",10,IF(J65="X2",5,IF(J65="X3",3,0))) -> 10 | N65: =+IF(K65="X",1,0) -> 0 | O65: 107000 | P65: =+L65/12 -> 8916.6667 | Q65: =+O65/12 -> 8916.6667
A66: =+A65+1 -> 30 | B66: 09763353 | C66: Renovación Popular | D66: X | E66: X | F66: X | L66: 24000 | M66: =+IF(D66="X",1,0)+IF(E66="X",1,0)+IF(F66="X",2,0)+IF(G66="X",2,0)+IF(H66="X",3,IF(H66="Y",1.5,0))+IF(I66="X",5,IF(I66="Y",2.5,0))+IF(J66="X1",10,IF(J66="X2",5,IF(J66="X3",3,0))) -> 4 | N66: =+IF(K66="X",1,0) -> 0 | O66: 24000 | P66: =+L66/12 -> 2000 | Q66: =+O66/12 -> 2000
L67: =+AVERAGE(L37:L66) -> 183730.13 | M67: =+AVERAGE(M37:M66) -> 5.8275862 | N67: =+SUM(N37:N66) -> 5 | O67: =+AVERAGE(O37:O66) -> 163371.42 | P67: =+AVERAGE(P37:P66) -> 15310.844 | Q67: =+AVERAGE(Q37:Q66) -> 13614.285
L68: =+STDEV(L37:L66) -> 353964.3 | M68: =+STDEV(M37:M66) -> 3.6942906 | O68: =+STDEV(O37:O66) -> 127781.79 | P68: =+STDEV(P37:P66) -> 29497.025 | Q68: =+STDEV(Q37:Q66) -> 10648.482
K69: Con Cero | L69: =+COUNTIF(L37:L66,0) -> 7 | M69: =+COUNT(M37:M66) -> 29 | P69: =+COUNTIF(P37:P66,0) -> 7
A71: 1 | B71: 40433187 | C71: Fuerza Popular | D71: X | E71: X | H71: X | I71: X | L71: 613593.87 | M71: =+IF(D71="X",1,0)+IF(E71="X",1,0)+IF(F71="X",2,0)+IF(G71="X",2,0)+IF(H71="X",3,IF(H71="Y",1.5,0))+IF(I71="X",5,IF(I71="Y",2.5,0))+IF(J71="X1",10,IF(J71="X2",5,IF(J71="X3",3,0))) -> 10 | N71: =+IF(K71="X",1,0) -> 0 | O71: 336950 | P71: =+L71/12 -> 51132.823 | Q71: =+O71/12 -> 28079.167
A72: =+A71+1 -> 2 | B72: 07960843 | C72: Fuerza Popular | D72: X | E72: X | H72: X | L72: 336950 | M72: =+IF(D72="X",1,0)+IF(E72="X",1,0)+IF(F72="X",2,0)+IF(G72="X",2,0)+IF(H72="X",3,IF(H72="Y",1.5,0))+IF(I72="X",5,IF(I72="Y",2.5,0))+IF(J72="X1",10,IF(J72="X2",5,IF(J72="X3",3,0))) -> 5 | N72: =+IF(K72="X",1,0) -> 0 | O72: 336950 | P72: =+L72/12 -> 28079.167 | Q72: =+O72/12 -> 28079.167
A73: =+A72+1 -> 3 | B73: 07704730 | C73: Fuerza Popular | D73: X | E73: X | H73: X | L73: 387825 | M73: =+IF(D73="X",1,0)+IF(E73="X",1,0)+IF(F73="X",2,0)+IF(G73="X",2,0)+IF(H73="X",3,IF(H73="Y",1.5,0))+IF(I73="X",5,IF(I73="Y",2.5,0))+IF(J73="X1",10,IF(J73="X2",5,IF(J73="X3",3,0))) -> 5 | N73: =+IF(K73="X",1,0) -> 0 | O73: 387825 | P73: =+L73/12 -> 32318.75 | Q73: =+O73/12 -> 32318.75
A74: =+A73+1 -> 4 | B74: 07831436 | C74: Fuerza Popular | D74: X | E74: X | H74: X | L74: 256708 | M74: =+IF(D74="X",1,0)+IF(E74="X",1,0)+IF(F74="X",2,0)+IF(G74="X",2,0)+IF(H74="X",3,IF(H74="Y",1.5,0))+IF(I74="X",5,IF(I74="Y",2.5,0))+IF(J74="X1",10,IF(J74="X2",5,IF(J74="X3",3,0))) -> 5 | N74: =+IF(K74="X",1,0) -> 0 | O74: 256708 | P74: =+L74/12 -> 21392.333 | Q74: =+O74/12 -> 21392.333
A75: =+A74+1 -> 5 | B75: 10307948 | C75: Fuerza Popular | D75: X | E75: X | H75: X | I75: X | J75: X2 | L75: 174626 | M75: =+IF(D75="X",1,0)+IF(E75="X",1,0)+IF(F75="X",2,0)+IF(G75="X",2,0)+IF(H75="X",3,IF(H75="Y",1.5,0))+IF(I75="X",5,IF(I75="Y",2.5,0))+IF(J75="X1",10,IF(J75="X2",5,IF(J75="X3",3,0))) -> 15 | N75: =+IF(K75="X",1,0) -> 0 | O75: 174626 | P75: =+L75/12 -> 14552.167 | Q75: =+O75/12 -> 14552.167
A76: =+A75+1 -> 6 | B76: 08911520 | C76: Fuerza Popular | D76: X | E76: X | H76: X | L76: 220688 | M76: =+IF(D76="X",1,0)+IF(E76="X",1,0)+IF(F76="X",2,0)+IF(G76="X",2,0)+IF(H76="X",3,IF(H76="Y",1.5,0))+IF(I76="X",5,IF(I76="Y",2.5,0))+IF(J76="X1",10,IF(J76="X2",5,IF(J76="X3",3,0))) -> 5 | N76: =+IF(K76="X",1,0) -> 0 | O76: 220688 | P76: =+L76/12 -> 18390.667 | Q76: =+O76/12 -> 18390.667
A77: =+A76+1 -> 7 | B77: 43341622 | C77: Fuerza Popular | D77: X | E77: X | H77: X | L77: 291205 | M77: =+IF(D77="X",1,0)+IF(E77="X",1,0)+IF(F77="X",2,0)+IF(G77="X",2,0)+IF(H77="X",3,IF(H77="Y",1.5,0))+IF(I77="X",5,IF(I77="Y",2.5,0))+IF(J77="X1",10,IF(J77="X2",5,IF(J77="X3",3,0))) -> 5 | N77: =+IF(K77="X",1,0) -> 0 | O77: 291205 | P77: =+L77/12 -> 24267.083 | Q77: =+O77/12 -> 24267.083
A78: =+A77+1 -> 8 | B78: 07201147 | C78: Fuerza Popular | D78: X | E78: X | H78: X | L78: 309287.19 | M78: =+IF(D78="X",1,0)+IF(E78="X",1,0)+IF(F78="X",2,0)+IF(G78="X",2,0)+IF(H78="X",3,IF(H78="Y",1.5,0))+IF(I78="X",5,IF(I78="Y",2.5,0))+IF(J78="X1",10,IF(J78="X2",5,IF(J78="X3",3,0))) -> 5 | N78: =+IF(K78="X",1,0) -> 0 | O78: 309287.19 | P78: =+L78/12 -> 25773.932 | Q78: =+O78/12 -> 25773.932
A79: =+A78+1 -> 9 | B79: 08266314 | C79: Fuerza Popular | D79: X | E79: X | H79: X | I79: X | J79: X2 | K79: X | L79: 647829.76 | M79: =+IF(D79="X",1,0)+IF(E79="X",1,0)+IF(F79="X",2,0)+IF(G79="X",2,0)+IF(H79="X",3,IF(H79="Y",1.5,0))+IF(I79="X",5,IF(I79="Y",2.5,0))+IF(J79="X1",10,IF(J79="X2",5,IF(J79="X3",3,0))) -> 15 | N79: =+IF(K79="X",1,0) -> 1 | P79: =+L79/12 -> 53985.813
A80: =+A79+1 -> 10 | B80: 29731107 | C80: Fuerza Popular | D80: X | E80: X | H80: X | L80: 96000 | M80: =+IF(D80="X",1,0)+IF(E80="X",1,0)+IF(F80="X",2,0)+IF(G80="X",2,0)+IF(H80="X",3,IF(H80="Y",1.5,0))+IF(I80="X",5,IF(I80="Y",2.5,0))+IF(J80="X1",10,IF(J80="X2",5,IF(J80="X3",3,0))) -> 5 | N80: =+IF(K80="X",1,0) -> 0 | O80: 96000 | P80: =+L80/12 -> 8000 | Q80: =+O80/12 -> 8000
A81: =+A80+1 -> 11 | B81: 08195809 | C81: Fuerza Popular | D81: X | E81: X | H81: X | I81: X | L81: 30000 | M81: =+IF(D81="X",1,0)+IF(E81="X",1,0)+IF(F81="X",2,0)+IF(G81="X",2,0)+IF(H81="X",3,IF(H81="Y",1.5,0))+IF(I81="X",5,IF(I81="Y",2.5,0))+IF(J81="X1",10,IF(J81="X2",5,IF(J81="X3",3,0))) -> 10 | N81: =+IF(K81="X",1,0) -> 0 | O81: 30000 | P81: =+L81/12 -> 2500 | Q81: =+O81/12 -> 2500
A82: =+A81+1 -> 12 | B82: 16766539 | C82: Fuerza Popular | D82: X | E82: X | H82: X | L82: 49656 | M82: =+IF(D82="X",1,0)+IF(E82="X",1,0)+IF(F82="X",2,0)+IF(G82="X",2,0)+IF(H82="X",3,IF(H82="Y",1.5,0))+IF(I82="X",5,IF(I82="Y",2.5,0))+IF(J82="X1",10,IF(J82="X2",5,IF(J82="X3",3,0))) -> 5 | N82: =+IF(K82="X",1,0) -> 0 | O82: 49656 | P82: =+L82/12 -> 4138 | Q82: =+O82/12 -> 4138
A83: =+A82+1 -> 13 | B83: 08262491 | C83: Fuerza Popular | D83: X | E83: X | H83: X | I83: X | L83: 93864 | M83: =+IF(D83="X",1,0)+IF(E83="X",1,0)+IF(F83="X",2,0)+IF(G83="X",2,0)+IF(H83="X",3,IF(H83="Y",1.5,0))+IF(I83="X",5,IF(I83="Y",2.5,0))+IF(J83="X1",10,IF(J83="X2",5,IF(J83="X3",3,0))) -> 10 | N83: =+IF(K83="X",1,0) -> 0 | O83: 93864 | P83: =+L83/12 -> 7822 | Q83: =+O83/12 -> 7822
A84: =+A83+1 -> 14 | B84: 15408077 | C84: Fuerza Popular | D84: X | E84: X | G84: X | H84: X | K84: X | L84: 1 | M84: =+IF(D84="X",1,0)+IF(E84="X",1,0)+IF(F84="X",2,0)+IF(G84="X",2,0)+IF(H84="X",3,IF(H84="Y",1.5,0))+IF(I84="X",5,IF(I84="Y",2.5,0))+IF(J84="X1",10,IF(J84="X2",5,IF(J84="X3",3,0))) -> 7 | N84: =+IF(K84="X",1,0) -> 1 | P84: =+L84/12 -> 0.083333333
A85: =+A84+1 -> 15 | B85: 08723038 | C85: Fuerza Popular | D85: X | E85: X | H85: X | L85: 158400 | M85: =+IF(D85="X",1,0)+IF(E85="X",1,0)+IF(F85="X",2,0)+IF(G85="X",2,0)+IF(H85="X",3,IF(H85="Y",1.5,0))+IF(I85="X",5,IF(I85="Y",2.5,0))+IF(J85="X1",10,IF(J85="X2",5,IF(J85="X3",3,0))) -> 5 | N85: =+IF(K85="X",1,0) -> 0 | O85: 158400 | P85: =+L85/12 -> 13200 | Q85: =+O85/12 -> 13200
A86: =+A85+1 -> 16 | B86: 09980339 | C86: Fuerza Popular | D86: X | E86: X | L86: 450476.5 | M86: =+IF(D86="X",1,0)+IF(E86="X",1,0)+IF(F86="X",2,0)+IF(G86="X",2,0)+IF(H86="X",3,IF(H86="Y",1.5,0))+IF(I86="X",5,IF(I86="Y",2.5,0))+IF(J86="X1",10,IF(J86="X2",5,IF(J86="X3",3,0))) -> 2 | N86: =+IF(K86="X",1,0) -> 0 | O86: 450476.5 | P86: =+L86/12 -> 37539.708 | Q86: =+O86/12 -> 37539.708
A87: =+A86+1 -> 17 | B87: 21564196 | C87: Fuerza Popular | D87: X | E87: X | H87: X | I87: X | K87: X | L87: 417122.56 | M87: =+IF(D87="X",1,0)+IF(E87="X",1,0)+IF(F87="X",2,0)+IF(G87="X",2,0)+IF(H87="X",3,IF(H87="Y",1.5,0))+IF(I87="X",5,IF(I87="Y",2.5,0))+IF(J87="X1",10,IF(J87="X2",5,IF(J87="X3",3,0))) -> 10 | N87: =+IF(K87="X",1,0) -> 1 | O87: 417122.56 | P87: =+L87/12 -> 34760.213 | Q87: =+O87/12 -> 34760.213
A88: =+A87+1 -> 18 | B88: 01235019 | C88: Fuerza Popular | D88: X | E88: X | L88: 15000 | M88: =+IF(D88="X",1,0)+IF(E88="X",1,0)+IF(F88="X",2,0)+IF(G88="X",2,0)+IF(H88="X",3,IF(H88="Y",1.5,0))+IF(I88="X",5,IF(I88="Y",2.5,0))+IF(J88="X1",10,IF(J88="X2",5,IF(J88="X3",3,0))) -> 2 | N88: =+IF(K88="X",1,0) -> 0 | O88: 15000 | P88: =+L88/12 -> 1250 | Q88: =+O88/12 -> 1250
A89: =+A88+1 -> 19 | B89: 08261544 | C89: Fuerza Popular | D89: X | E89: X | H89: X | I89: X | J89: X2 | K89: X | L89: 226000 | M89: =+IF(D89="X",1,0)+IF(E89="X",1,0)+IF(F89="X",2,0)+IF(G89="X",2,0)+IF(H89="X",3,IF(H89="Y",1.5,0))+IF(I89="X",5,IF(I89="Y",2.5,0))+IF(J89="X1",10,IF(J89="X2",5,IF(J89="X3",3,0))) -> 15 | N89: =+IF(K89="X",1,0) -> 1 | O89: 226000 | P89: =+L89/12 -> 18833.333 | Q89: =+O89/12 -> 18833.333
A90: =+A89+1 -> 20 | B90: 04641322 | C90: Fuerza Popular | D90: X | E90: X | F90: X | L90: 98392 | M90: =+IF(D90="X",1,0)+IF(E90="X",1,0)+IF(F90="X",2,0)+IF(G90="X",2,0)+IF(H90="X",3,IF(H90="Y",1.5,0))+IF(I90="X",5,IF(I90="Y",2.5,0))+IF(J90="X1",10,IF(J90="X2",5,IF(J90="X3",3,0))) -> 4 | N90: =+IF(K90="X",1,0) -> 0 | O90: 98392 | P90: =+L90/12 -> 8199.3333 | Q90: =+O90/12 -> 8199.3333
A91: =+A90+1 -> 21 | B91: 42133581 | C91: Fuerza Popular | D91: X | E91: X | H91: X | L91: 51470 | M91: =+IF(D91="X",1,0)+IF(E91="X",1,0)+IF(F91="X",2,0)+IF(G91="X",2,0)+IF(H91="X",3,IF(H91="Y",1.5,0))+IF(I91="X",5,IF(I91="Y",2.5,0))+IF(J91="X1",10,IF(J91="X2",5,IF(J91="X3",3,0))) -> 5 | N91: =+IF(K91="X",1,0) -> 0 | O91: 51470 | P91: =+L91/12 -> 4289.1667 | Q91: =+O91/12 -> 4289.1667
A92: =+A91+1 -> 22 | B92: 21448945 | C92: Fuerza Popular | D92: X | E92: X | F92: X | H92: X | L92: 93600 | M92: =+IF(D92="X",1,0)+IF(E92="X",1,0)+IF(F92="X",2,0)+IF(G92="X",2,0)+IF(H92="X",3,IF(H92="Y",1.5,0))+IF(I92="X",5,IF(I92="Y",2.5,0))+IF(J92="X1",10,IF(J92="X2",5,IF(J92="X3",3,0))) -> 7 | N92: =+IF(K92="X",1,0) -> 0 | O92: 93600 | P92: =+L92/12 -> 7800 | Q92: =+O92/12 -> 7800
A93: =+A92+1 -> 23 | B93: 10181163 | C93: Fuerza Popular | D93: X | E93: X | H93: X | K93: X | L93: 145442.03 | M93: =+IF(D93="X",1,0)+IF(E93="X",1,0)+IF(F93="X",2,0)+IF(G93="X",2,0)+IF(H93="X",3,IF(H93="Y",1.5,0))+IF(I93="X",5,IF(I93="Y",2.5,0))+IF(J93="X1",10,IF(J93="X2",5,IF(J93="X3",3,0))) -> 5 | N93: =+IF(K93="X",1,0) -> 1 | O93: 145442.03 | P93: =+L93/12 -> 12120.169 | Q93: =+O93/12 -> 12120.169
A94: =+A93+1 -> 24 | B94: 05277192 | C94: Fuerza Popular | D94: X | E94: X | H94: X | I94: X | K94: X | L94: 72600 | M94: =+IF(D94="X",1,0)+IF(E94="X",1,0)+IF(F94="X",2,0)+IF(G94="X",2,0)+IF(H94="X",3,IF(H94="Y",1.5,0))+IF(I94="X",5,IF(I94="Y",2.5,0))+IF(J94="X1",10,IF(J94="X2",5,IF(J94="X3",3,0))) -> 10 | N94: =+IF(K94="X",1,0) -> 1 | O94: 72600 | P94: =+L94/12 -> 6050 | Q94: =+O94/12 -> 6050
A95: =+A94+1 -> 25 | B95: 02811100 | C95: Fuerza Popular | D95: X | E95: X | H95: X | I95: X | L95: 157000 | M95: =+IF(D95="X",1,0)+IF(E95="X",1,0)+IF(F95="X",2,0)+IF(G95="X",2,0)+IF(H95="X",3,IF(H95="Y",1.5,0))+IF(I95="X",5,IF(I95="Y",2.5,0))+IF(J95="X1",10,IF(J95="X2",5,IF(J95="X3",3,0))) -> 10 | N95: =+IF(K95="X",1,0) -> 0 | O95: 157000 | P95: =+L95/12 -> 13083.333 | Q95: =+O95/12 -> 13083.333
A96: =+A95+1 -> 26 | B96: 16161900 | C96: Fuerza Popular | D96: X | E96: X | L96: 9360 | M96: =+IF(D96="X",1,0)+IF(E96="X",1,0)+IF(F96="X",2,0)+IF(G96="X",2,0)+IF(H96="X",3,IF(H96="Y",1.5,0))+IF(I96="X",5,IF(I96="Y",2.5,0))+IF(J96="X1",10,IF(J96="X2",5,IF(J96="X3",3,0))) -> 2 | N96: =+IF(K96="X",1,0) -> 0 | O96: 9360 | P96: =+L96/12 -> 780 | Q96: =+O96/12 -> 780
A97: =+A96+1 -> 27 | B97: 02883935 | C97: Fuerza Popular | D97: X | E97: X | H97: X | L97: 102330 | M97: =+IF(D97="X",1,0)+IF(E97="X",1,0)+IF(F97="X",2,0)+IF(G97="X",2,0)+IF(H97="X",3,IF(H97="Y",1.5,0))+IF(I97="X",5,IF(I97="Y",2.5,0))+IF(J97="X1",10,IF(J97="X2",5,IF(J97="X3",3,0))) -> 5 | N97: =+IF(K97="X",1,0) -> 0 | O97: 102330 | P97: =+L97/12 -> 8527.5 | Q97: =+O97/12 -> 8527.5
A98: =+A97+1 -> 28 | B98: 06776959 | C98: Fuerza Popular | D98: X | E98: X | F98: X | G98: X | H98: X | L98: 121194 | M98: =+IF(D98="X",1,0)+IF(E98="X",1,0)+IF(F98="X",2,0)+IF(G98="X",2,0)+IF(H98="X",3,IF(H98="Y",1.5,0))+IF(I98="X",5,IF(I98="Y",2.5,0))+IF(J98="X1",10,IF(J98="X2",5,IF(J98="X3",3,0))) -> 9 | N98: =+IF(K98="X",1,0) -> 0 | O98: 121194 | P98: =+L98/12 -> 10099.5 | Q98: =+O98/12 -> 10099.5
A99: =+A98+1 -> 29 | B99: 08963680 | C99: Fuerza Popular | D99: X | E99: X | H99: X | L99: 203837.6 | M99: =+IF(D99="X",1,0)+IF(E99="X",1,0)+IF(F99="X",2,0)+IF(G99="X",2,0)+IF(H99="X",3,IF(H99="Y",1.5,0))+IF(I99="X",5,IF(I99="Y",2.5,0))+IF(J99="X1",10,IF(J99="X2",5,IF(J99="X3",3,0))) -> 5 | N99: =+IF(K99="X",1,0) -> 0 | O99: 203837.6 | P99: =+L99/12 -> 16986.467 | Q99: =+O99/12 -> 16986.467
A100: =+A99+1 -> 30 | B100: 33734661 | C100: Fuerza Popular | D100: X | E100: X | L100: 0 | M100: =+IF(D100="X",1,0)+IF(E100="X",1,0)+IF(F100="X",2,0)+IF(G100="X",2,0)+IF(H100="X",3,IF(H100="Y",1.5,0))+IF(I100="X",5,IF(I100="Y",2.5,0))+IF(J100="X1",10,IF(J100="X2",5,IF(J100="X3",3,0))) -> 2 | N100: =+IF(K100="X",1,0) -> 0 | P100: =+L100/12 -> 0
L101: =+AVERAGE(L71:L100) -> 194348.62 | M101: =+AVERAGE(M71:M100) -> 6.8333333 | N101: =+SUM(N71:N100) -> 6 | O101: =+AVERAGE(O71:O100) -> 181703.11 | P101: =+AVERAGE(P71:P100) -> 16195.718 | Q101: =+AVERAGE(Q71:Q100) -> 15141.926
L102: =+STDEV(L71:L100) -> 172826.73 | M102: =+STDEV(M71:M100) -> 3.7608082 | O102: =+STDEV(O71:O100) -> 127892.19 | P102: =+STDEV(P71:P100) -> 14402.227 | Q102: =+STDEV(Q71:Q100) -> 10657.683
...

Sheet Resumen2
C1: Ingresos Mensuales Totales | G1: Preparación | I1: Sentencias | K1: Ingresos Mensuales Efectivos | N1: =1130*4 -> 4520
B2: Partido | C2: Promedio | D2: Desv. Standard | E2: # con Cero | F2: # Candidatos | G2: Promedio | H2: Desv. Standard | I2: Total | J2: Porcentaje | K2: Promedio | L2: Desv. Standard | M2: # Candidatos | N2: # Cand Efec
A3: 1 | B3: =INDIRECT(ADDRESS(34*(A3-1)+3,3,,,"Crudo2")) -> Ahora Nación | C3: =INDIRECT(ADDRESS(34*(A3-1)+33,16,,,"Crudo2")) -> 8509.7649 | D3: =INDIRECT(ADDRESS(34*(A3-1)+34,16,,,"Crudo2")) -> 8326.9528 | E3: =INDIRECT(ADDRESS(34*(A3-1)+35,12,,,"Crudo2")) -> 0 | F3: =+E3/M3 -> 0 | G3: =INDIRECT(ADDRESS(34*(A3-1)+33,13,,,"Crudo2")) -> 7.3928571 | H3: =INDIRECT(ADDRESS(34*(A3-1)+34,13,,,"Crudo2")) -> 4.7713597 | I3: =INDIRECT(ADDRESS(34*(A3-1)+33,14,,,"Crudo2")) -> 0 | J3: =+I3/M3 -> 0 | K3: =INDIRECT(ADDRESS(34*(A3-1)+33,17,,,"Crudo2")) -> 6872.4074 | L3: =INDIRECT(ADDRESS(34*(A3-1)+34,17,,,"Crudo2")) -> 5479.2327 | M3: =INDIRECT(ADDRESS(34*(A3-1)+35,13,,,"Crudo2")) -> 28 | N3: =+M3-E3 -> 28
A4: =+A3+1 -> 2 | B4: =INDIRECT(ADDRESS(34*(A4-1)+3,3,,,"Crudo2")) -> Renovación Popular | C4: =INDIRECT(ADDRESS(34*(A4-1)+33,16,,,"Crudo2")) -> 15310.844 | D4: =INDIRECT(ADDRESS(34*(A4-1)+34,16,,,"Crudo2")) -> 29497.025 | E4: =INDIRECT(ADDRESS(34*(A4-1)+35,12,,,"Crudo2")) -> 7 | F4: =+E4/M4 -> 0.24137931 | G4: =INDIRECT(ADDRESS(34*(A4-1)+33,13,,,"Crudo2")) -> 5.8275862 | H4: =INDIRECT(ADDRESS(34*(A4-1)+34,13,,,"Crudo2")) -> 3.6942906 | I4: =INDIRECT(ADDRESS(34*(A4-1)+33,14,,,"Crudo2")) -> 5 | J4: =+I4/M4 -> 0.17241379 | K4: =INDIRECT(ADDRESS(34*(A4-1)+33,17,,,"Crudo2")) -> 13614.285 | L4: =INDIRECT(ADDRESS(34*(A4-1)+34,17,,,"Crudo2")) -> 10648.482 | M4: =INDIRECT(ADDRESS(34*(A4-1)+35,13,,,"Crudo2")) -> 29 | N4: =+M4-E4 -> 22
A5: =+A4+1 -> 3 | B5: =INDIRECT(ADDRESS(34*(A5-1)+3,3,,,"Crudo2")) -> Fuerza Popular | C5: =INDIRECT(ADDRESS(34*(A5-1)+33,16,,,"Crudo2")) -> 16195.718 | D5: =INDIRECT(ADDRESS(34*(A5-1)+34,16,,,"Crudo2")) -> 14402.227 | E5: =INDIRECT(ADDRESS(34*(A5-1)+35,12,,,"Crudo2")) -> 1 | F5: =+E5/M5 -> 0.033333333 | G5: =INDIRECT(ADDRESS(34*(A5-1)+33,13,,,"Crudo2")) -> 6.8333333 | H5: =INDIRECT(ADDRESS(34*(A5-1)+34,13,,,"Crudo2")) -> 3.7608082 | I5: =INDIRECT(ADDRESS(34*(A5-1)+33,14,,,"Crudo2")) -> 6 | J5: =+I5/M5 -> 0.2 | K5: =INDIRECT(ADDRESS(34*(A5-1)+33,17,,,"Crudo2")) -> 15141.926 | L5: =INDIRECT(ADDRESS(34*(A5-1)+34,17,,,"Crudo2")) -> 10657.683 | M5: =INDIRECT(ADDRESS(34*(A5-1)+35,13,,,"Crudo2")) -> 30 | N5: =+M5-E5 -> 29
A6: =+A5+1 -> 4 | B6: =INDIRECT(ADDRESS(34*(A6-1)+3,3,,,"Crudo2")) -> Alianza para el Progreso | C6: =INDIRECT(ADDRESS(34*(A6-1)+33,16,,,"Crudo2")) -> 42399.07 | D6: =INDIRECT(ADDRESS(34*(A6-1)+34,16,,,"Crudo2")) -> 150040.03 | E6: =INDIRECT(ADDRESS(34*(A6-1)+35,12,,,"Crudo2")) -> 3 | F6: =+E6/M6 -> 0.10344828 | G6: =INDIRECT(ADDRESS(34*(A6-1)+33,13,,,"Crudo2")) -> 8.4137931 | H6: =INDIRECT(ADDRESS(34*(A6-1)+34,13,,,"Crudo2")) -> 4.9245539 | I6: =INDIRECT(ADDRESS(34*(A6-1)+33,14,,,"Crudo2")) -> 7 | J6: =+I6/M6 -> 0.24137931 | K6: =INDIRECT(ADDRESS(34*(A6-1)+33,17,,,"Crudo2")) -> 16393.701 | L6: =INDIRECT(ADDRESS(34*(A6-1)+34,17,,,"Crudo2")) -> 12570.068 | M6: =INDIRECT(ADDRESS(34*(A6-1)+35,13,,,"Crudo2")) -> 29 | N6: =+M6-E6 -> 26
A7: =+A6+1 -> 5 | B7: =INDIRECT(ADDRESS(34*(A7-1)+3,3,,,"Crudo2")) -> Juntos por el Perú | C7: =INDIRECT(ADDRESS(34*(A7-1)+33,16,,,"Crudo2")) -> 8226.7181 | D7: =INDIRECT(ADDRESS(34*(A7-1)+34,16,,,"Crudo2")) -> 16506.917 | E7: =INDIRECT(ADDRESS(34*(A7-1)+35,12,,,"Crudo2")) -> 8 | F7: =+E7/M7 -> 0.26666667 | G7: =INDIRECT(ADDRESS(34*(A7-1)+33,13,,,"Crudo2")) -> 5 | H7: =INDIRECT(ADDRESS(34*(A7-1)+34,13,,,"Crudo2")) -> 3.8506605 | I7: =INDIRECT(ADDRESS(34*(A7-1)+33,14,,,"Crudo2")) -> 2 | J7: =+I7/M7 -> 0.066666667 | K7: =INDIRECT(ADDRESS(34*(A7-1)+33,17,,,"Crudo2")) -> 7985.3433 | L7: =INDIRECT(ADDRESS(34*(A7-1)+34,17,,,"Crudo2")) -> 10804.794 | M7: =INDIRECT(ADDRESS(34*(A7-1)+35,13,,,"Crudo2")) -> 30 | N7: =+M7-E7 -> 22
A8: =+A7+1 -> 6 | B8: =INDIRECT(ADDRESS(34*(A8-1)+3,3,,,"Crudo2")) -> Buen Gobierno | C8: =INDIRECT(ADDRESS(34*(A8-1)+33,16,,,"Crudo2")) -> 6373.2589 | D8: =INDIRECT(ADDRESS(34*(A8-1)+34,16,,,"Crudo2")) -> 8562.9171 | E8: =INDIRECT(ADDRESS(34*(A8-1)+35,12,,,"Crudo2")) -> 2 | F8: =+E8/M8 -> 0.066666667 | G8: =INDIRECT(ADDRESS(34*(A8-1)+33,13,,,"Crudo2")) -> 6 | H8: =INDIRECT(ADDRESS(34*(A8-1)+34,13,,,"Crudo2")) -> 3.25894 | I8: =INDIRECT(ADDRESS(34*(A8-1)+33,14,,,"Crudo2")) -> 1 | J8: =+I8/M8 -> 0.033333333 | K8: =INDIRECT(ADDRESS(34*(A8-1)+33,17,,,"Crudo2")) -> 5266.158 | L8: =INDIRECT(ADDRESS(34*(A8-1)+34,17,,,"Crudo2")) -> 5446.8126 | M8: =INDIRECT(ADDRESS(34*(A8-1)+35,13,,,"Crudo2")) -> 30 | N8: =+M8-E8 -> 28
A9: =+A8+1 -> 7 | B9: =INDIRECT(ADDRESS(34*(A9-1)+3,3,,,"Crudo2")) -> Obras | C9: =INDIRECT(ADDRESS(34*(A9-1)+33,16,,,"Crudo2")) -> 2769.8314 | D9: =INDIRECT(ADDRESS(34*(A9-1)+34,16,,,"Crudo2")) -> 5039.9981 | E9: =INDIRECT(ADDRESS(34*(A9-1)+35,12,,,"Crudo2")) -> 9 | F9: =+E9/M9 -> 0.3 | G9: =INDIRECT(ADDRESS(34*(A9-1)+33,13,,,"Crudo2")) -> 3.7 | H9: =INDIRECT(ADDRESS(34*(A9-1)+34,13,,,"Crudo2")) -> 2.2916641 | I9: =INDIRECT(ADDRESS(34*(A9-1)+33,14,,,"Crudo2")) -> 2 | J9: =+I9/M9 -> 0.066666667 | K9: =INDIRECT(ADDRESS(34*(A9-1)+33,17,,,"Crudo2")) -> 3308.4868 | L9: =INDIRECT(ADDRESS(34*(A9-1)+34,17,,,"Crudo2")) -> 4320.5012 | M9: =INDIRECT(ADDRESS(34*(A9-1)+35,13,,,"Crudo2")) -> 30 | N9: =+M9-E9 -> 21
A10: =+A9+1 -> 8 | B10: Integridad Democrática | C10: =INDIRECT(ADDRESS(34*(A10-1)+33,16,,,"Crudo2")) -> 3869.726 | D10: =INDIRECT(ADDRESS(34*(A10-1)+34,16,,,"Crudo2")) -> 5453.1102 | E10: =INDIRECT(ADDRESS(34*(A10-1)+35,12,,,"Crudo2")) -> 14 | F10: =+E10/M10 -> 0.46666667 | G10: =INDIRECT(ADDRESS(34*(A10-1)+33,13,,,"Crudo2")) -> 7.4333333 | H10: =INDIRECT(ADDRESS(34*(A10-1)+34,13,,,"Crudo2")) -> 4.9527654 | I10: =INDIRECT(ADDRESS(34*(A10-1)+33,14,,,"Crudo2")) -> 0 | J10: =+I10/M10 -> 0 | K10: =INDIRECT(ADDRESS(34*(A10-1)+33,17,,,"Crudo2")) -> 6195.9687 | L10: =INDIRECT(ADDRESS(34*(A10-1)+34,17,,,"Crudo2")) -> 3777.0187 | M10: =INDIRECT(ADDRESS(34*(A10-1)+35,13,,,"Crudo2")) -> 30 | N10: =+M10-E10 -> 16
A11: =+A10+1 -> 9 | B11: =INDIRECT(ADDRESS(34*(A11-1)+3,3,,,"Crudo2")) -> Partido Morado | C11: =INDIRECT(ADDRESS(34*(A11-1)+33,16,,,"Crudo2")) -> 8654.1486 | D11: =INDIRECT(ADDRESS(34*(A11-1)+34,16,,,"Crudo2")) -> 10863.373 | E11: =INDIRECT(ADDRESS(34*(A11-1)+35,12,,,"Crudo2")) -> 1 | F11: =+E11/M11 -> 0.035714286 | G11: =INDIRECT(ADDRESS(34*(A11-1)+33,13,,,"Crudo2")) -> 6.3571429 | H11: =INDIRECT(ADDRESS(34*(A11-1)+34,13,,,"Crudo2")) -> 3.0455102 | I11: =INDIRECT(ADDRESS(34*(A11-1)+33,14,,,"Crudo2")) -> 2 | J11: =+I11/M11 -> 0.071428571 | K11: =INDIRECT(ADDRESS(34*(A11-1)+33,17,,,"Crudo2")) -> 6928.5959 | L11: =INDIRECT(ADDRESS(34*(A11-1)+34,17,,,"Crudo2")) -> 7778.2237 | M11: =INDIRECT(ADDRESS(34*(A11-1)+35,13,,,"Crudo2")) -> 28 | N11: =+M11-E11 -> 27
A12: =+A11+1 -> 10 | B12: =INDIRECT(ADDRESS(34*(A12-1)+3,3,,,"Crudo2")) -> Cooperación Popular | C12: =INDIRECT(ADDRESS(34*(A12-1)+33,16,,,"Crudo2")) -> 3355.8839 | D12: =INDIRECT(ADDRESS(34*(A12-1)+34,16,,,"Crudo2")) -> 6460.0595 | E12: =INDIRECT(ADDRESS(34*(A12-1)+35,12,,,"Crudo2")) -> 0 | F12: =+E12/M12 -> 0 | G12: =INDIRECT(ADDRESS(34*(A12-1)+33,13,,,"Crudo2")) -> 3.4285714 | H12: =INDIRECT(ADDRESS(34*(A12-1)+34,13,,,"Crudo2")) -> 3.2366944 | I12: =INDIRECT(ADDRESS(34*(A12-1)+33,14,,,"Crudo2")) -> 1 | J12: =+I12/M12 -> 0.035714286 | K12: =INDIRECT(ADDRESS(34*(A12-1)+33,17,,,"Crudo2")) -> 1885.5772 | L12: =INDIRECT(ADDRESS(34*(A12-1)+34,17,,,"Crudo2")) -> 1651.3348 | M12: =INDIRECT(ADDRESS(34*(A12-1)+35,13,,,"Crudo2")) -> 28 | N12: =+M12-E12 -> 28
A13: =+A12+1 -> 11 | B13: =INDIRECT(ADDRESS(34*(A13-1)+3,3,,,"Crudo2")) -> Unido Perú | C13: =INDIRECT(ADDRESS(34*(A13-1)+33,16,,,"Crudo2")) -> 4439.022 | D13: =INDIRECT(ADDRESS(34*(A13-1)+34,16,,,"Crudo2")) -> 3820.4286 | E13: =INDIRECT(ADDRESS(34*(A13-1)+35,12,,,"Crudo2")) -> 2 | F13: =+E13/M13 -> 0.11111111 | G13: =INDIRECT(ADDRESS(34*(A13-1)+33,13,,,"Crudo2")) -> 7.9444444 | H13: =INDIRECT(ADDRESS(34*(A13-1)+34,13,,,"Crudo2")) -> 5.3848614 | I13: =INDIRECT(ADDRESS(34*(A13-1)+33,14,,,"Crudo2")) -> 2 | J13: =+I13/M13 -> 0.11111111 | K13: =INDIRECT(ADDRESS(34*(A13-1)+33,17,,,"Crudo2")) -> 4105.0597 | L13: =INDIRECT(ADDRESS(34*(A13-1)+34,17,,,"Crudo2")) -> 2638.2567 | M13: =INDIRECT(ADDRESS(34*(A13-1)+35,13,,,"Crudo2")) -> 18 | N13: =+M13-E13 -> 16
A14: =+A13+1 -> 12 | B14: =INDIRECT(ADDRESS(34*(A14-1)+3,3,,,"Crudo2")) -> Pais para Todos | C14: =INDIRECT(ADDRESS(34*(A14-1)+33,16,,,"Crudo2")) -> 7261.4849 | D14: =INDIRECT(ADDRESS(34*(A14-1)+34,16,,,"Crudo2")) -> 10930.684 | E14: =INDIRECT(ADDRESS(34*(A14-1)+35,12,,,"Crudo2")) -> 5 | F14: =+E14/M14 -> 0.20833333 | G14: =INDIRECT(ADDRESS(34*(A14-1)+33,13,,,"Crudo2")) -> 7.9583333 | H14: =INDIRECT(ADDRESS(34*(A14-1)+34,13,,,"Crudo2")) -> 5.7519688 | I14: =INDIRECT(ADDRESS(34*(A14-1)+33,14,,,"Crudo2")) -> 1 | J14: =+I14/M14 -> 0.041666667 | K14: =INDIRECT(ADDRESS(34*(A14-1)+33,17,,,"Crudo2")) -> 7635.3224 | L14: =INDIRECT(ADDRESS(34*(A14-1)+34,17,,,"Crudo2")) -> 7237.4904 | M14: =INDIRECT(ADDRESS(34*(A14-1)+35,13,,,"Crudo2")) -> 24 | N14: =+M14-E14 -> 19
A15: =+A14+1 -> 13 | B15: =INDIRECT(ADDRESS(34*(A15-1)+3,3,,,"Crudo2")) -> Libertad Popular | C15: =INDIRECT(ADDRESS(34*(A15-1)+33,16,,,"Crudo2")) -> 9145.1448 | D15: =INDIRECT(ADDRESS(34*(A15-1)+34,16,,,"Crudo2")) -> 10920.548 | E15: =INDIRECT(ADDRESS(34*(A15-1)+35,12,,,"Crudo2")) -> 2 | F15: =+E15/M15 -> 0.074074074 | G15: =INDIRECT(ADDRESS(34*(A15-1)+33,13,,,"Crudo2")) -> 7.5185185 | H15: =INDIRECT(ADDRESS(34*(A15-1)+34,13,,,"Crudo2")) -> 5.4938453 | I15: =INDIRECT(ADDRESS(34*(A15-1)+33,14,,,"Crudo2")) -> 0 | J15: =+I15/M15 -> 0 | K15: =INDIRECT(ADDRESS(34*(A15-1)+33,17,,,"Crudo2")) -> 9840.3712 | L15: =INDIRECT(ADDRESS(34*(A15-1)+34,17,,,"Crudo2")) -> 11266.098 | M15: =INDIRECT(ADDRESS(34*(A15-1)+35,13,,,"Crudo2")) -> 27 | N15: =+M15-E15 -> 25
A16: =+A15+1 -> 14 | B16: =INDIRECT(ADDRESS(34*(A16-1)+3,3,,,"Crudo2")) -> Venceremos | C16: =INDIRECT(ADDRESS(34*(A16-1)+33,16,,,"Crudo2")) -> 7024.0844 | D16: =INDIRECT(ADDRESS(34*(A16-1)+34,16,,,"Crudo2")) -> 13559.356 | E16: =INDIRECT(ADDRESS(34*(A16-1)+35,12,,,"Crudo2")) -> 7 | F16: =+E16/M16 -> 0.25 | G16: =INDIRECT(ADDRESS(34*(A16-1)+33,13,,,"Crudo2")) -> 5.7142857 | H16: =INDIRECT(ADDRESS(34*(A16-1)+34,13,,,"Crudo2")) -> 3.8089285 | I16: =INDIRECT(ADDRESS(34*(A16-1)+33,14,,,"Crudo2")) -> 0 | J16: =+I16/M16 -> 0 | K16: =INDIRECT(ADDRESS(34*(A16-1)+33,17,,,"Crudo2")) -> 6629.4894 | L16: =INDIRECT(ADDRESS(34*(A16-1)+34,17,,,"Crudo2")) -> 8459.617 | M16: =INDIRECT(ADDRESS(34*(A16-1)+35,13,,,"Crudo2")) -> 28 | N16: =+M16-E16 -> 21
A17: =+A16+1 -> 15 | B17: =INDIRECT(ADDRESS(34*(A17-1)+3,3,,,"Crudo2")) -> Peru Primero | C17: =INDIRECT(ADDRESS(34*(A17-1)+33,16,,,"Crudo2")) -> 8740.4685 | D17: =INDIRECT(ADDRESS(34*(A17-1)+34,16,,,"Crudo2")) -> 9730.7656 | E17: =INDIRECT(ADDRESS(34*(A17-1)+35,12,,,"Crudo2")) -> 3 | F17: =+E17/M17 -> 0.10714286 | G17: =INDIRECT(ADDRESS(34*(A17-1)+33,13,,,"Crudo2")) -> 7.9285714 | H17: =INDIRECT(ADDRESS(34*(A17-1)+34,13,,,"Crudo2")) -> 3.8866207 | I17: =INDIRECT(ADDRESS(34*(A17-1)+33,14,,,"Crudo2")) -> 3 | J17: =+I17/M17 -> 0.10714286 | K17: =INDIRECT(ADDRESS(34*(A17-1)+33,17,,,"Crudo2")) -> 8821.5955 | L17: =INDIRECT(ADDRESS(34*(A17-1)+34,17,,,"Crudo2")) -> 8228.2428 | M17: =INDIRECT(ADDRESS(34*(A17-1)+35,13,,,"Crudo2")) -> 28 | N17: =+M17-E17 -> 25
A18: =+A17+1 -> 16 | B18: =INDIRECT(ADDRESS(34*(A18-1)+3,3,,,"Crudo2")) -> Primero La Gente | C18: =INDIRECT(ADDRESS(34*(A18-1)+33,16,,,"Crudo2")) -> 21686.198 | D18: =INDIRECT(ADDRESS(34*(A18-1)+34,16,,,"Crudo2")) -> 71085.079 | E18: =INDIRECT(ADDRESS(34*(A18-1)+35,12,,,"Crudo2")) -> 4 | F18: =+E18/M18 -> 0.14814815 | G18: =INDIRECT(ADDRESS(34*(A18-1)+33,13,,,"Crudo2")) -> 6.5555556 | H18: =INDIRECT(ADDRESS(34*(A18-1)+34,13,,,"Crudo2")) -> 3.1784531 | I18: =INDIRECT(ADDRESS(34*(A18-1)+33,14,,,"Crudo2")) -> 4 | J18: =+I18/M18 -> 0.14814815 | K18: =INDIRECT(ADDRESS(34*(A18-1)+33,17,,,"Crudo2")) -> 9599.9622 | L18: =INDIRECT(ADDRESS(34*(A18-1)+34,17,,,"Crudo2")) -> 8256.9106 | M18: =INDIRECT(ADDRESS(34*(A18-1)+35,13,,,"Crudo2")) -> 27 | N18: =+M18-E18 -> 23
A19: =+A18+1 -> 17 | B19: =INDIRECT(ADDRESS(34*(A19-1)+3,3,,,"Crudo2")) -> Fe en el Peru | C19: =INDIRECT(ADDRESS(34*(A19-1)+33,16,,,"Crudo2")) -> 4809.555 | D19: =INDIRECT(ADDRESS(34*(A19-1)+34,16,,,"Crudo2")) -> 4477.7625 | E19: =INDIRECT(ADDRESS(34*(A19-1)+35,12,,,"Crudo2")) -> 2 | F19: =+E19/M19 -> 0.11111111 | G19: =INDIRECT(ADDRESS(34*(A19-1)+33,13,,,"Crudo2")) -> 4.9333333 | H19: =INDIRECT(ADDRESS(34*(A19-1)+34,13,,,"Crudo2")) -> 3.8999389 | I19: =INDIRECT(ADDRESS(34*(A19-1)+33,14,,,"Crudo2")) -> 0 | J19: =+I19/M19 -> 0 | K19: =INDIRECT(ADDRESS(34*(A19-1)+33,17,,,"Crudo2")) -> 4705.0479 | L19: =INDIRECT(ADDRESS(34*(A19-1)+34,17,,,"Crudo2")) -> 3248.5512 | M19: =INDIRECT(ADDRESS(34*(A19-1)+35,13,,,"Crudo2")) -> 18 | N19: =+M19-E19 -> 16
A20: =+A19+1 -> 18 | B20: =INDIRECT(ADDRESS(34*(A20-1)+3,3,,,"Crudo2")) -> Avanza Pais | C20: =INDIRECT(ADDRESS(34*(A20-1)+33,16,,,"Crudo2")) -> 14076.754 | D20: =INDIRECT(ADDRESS(34*(A20-1)+34,16,,,"Crudo2")) -> 17844.18 | E20: =INDIRECT(ADDRESS(34*(A20-1)+35,12,,,"Crudo2")) -> 10 | F20: =+E20/M20 -> 0.4 | G20: =INDIRECT(ADDRESS(34*(A20-1)+33,13,,,"Crudo2")) -> 6.56 | H20: =INDIRECT(ADDRESS(34*(A20-1)+34,13,,,"Crudo2")) -> 4.5650849 | I20: =INDIRECT(ADDRESS(34*(A20-1)+33,14,,,"Crudo2")) -> 0 | J20: =+I20/M20 -> 0 | K20: =INDIRECT(ADDRESS(34*(A20-1)+33,17,,,"Crudo2")) -> 20119.151 | L20: =INDIRECT(ADDRESS(34*(A20-1)+34,17,,,"Crudo2")) -> 12384.043 | M20: =INDIRECT(ADDRESS(34*(A20-1)+35,13,,,"Crudo2")) -> 25 | N20: =+M20-E20 -> 15
A21: =+A20+1 -> 19 | B21: =INDIRECT(ADDRESS(34*(A21-1)+3,3,,,"Crudo2")) -> FREPAP | C21: =INDIRECT(ADDRESS(34*(A21-1)+33,16,,,"Crudo2")) -> 1215.609 | D21: =INDIRECT(ADDRESS(34*(A21-1)+34,16,,,"Crudo2")) -> 2435.3156 | E21: =INDIRECT(ADDRESS(34*(A21-1)+35,12,,,"Crudo2")) -> 22 | F21: =+E21/M21 -> 0.73333333 | G21: =INDIRECT(ADDRESS(34*(A21-1)+33,13,,,"Crudo2")) -> 3.9333333 | H21: =INDIRECT(ADDRESS(34*(A21-1)+34,13,,,"Crudo2")) -> 4.0337655 | I21: =INDIRECT(ADDRESS(34*(A21-1)+33,14,,,"Crudo2")) -> 0 | J21: =+I21/M21 -> 0 | K21: =INDIRECT(ADDRESS(34*(A21-1)+33,17,,,"Crudo2")) -> 3958.938 | L21: =INDIRECT(ADDRESS(34*(A21-1)+34,17,,,"Crudo2")) -> 2234.1509 | M21: =INDIRECT(ADDRESS(34*(A21-1)+35,13,,,"Crudo2")) -> 30 | N21: =+M21-E21 -> 8
A22: =+A21+1 -> 20 | B22: =INDIRECT(ADDRESS(34*(A22-1)+3,3,,,"Crudo2")) -> Fuerza y Libertad | C22: =INDIRECT(ADDRESS(34*(A22-1)+33,16,,,"Crudo2")) -> 6745.8043 | D22: =INDIRECT(ADDRESS(34*(A22-1)+34,16,,,"Crudo2")) -> 12148.142 | E22: =INDIRECT(ADDRESS(34*(A22-1)+35,12,,,"Crudo2")) -> 8 | F22: =+E22/M22 -> 0.28571429 | G22: =INDIRECT(ADDRESS(34*(A22-1)+33,13,,,"Crudo2")) -> 6.3571429 | H22: =INDIRECT(ADDRESS(34*(A22-1)+34,13,,,"Crudo2")) -> 5.2367242 | I22: =INDIRECT(ADDRESS(34*(A22-1)+33,14,,,"Crudo2")) -> 0 | J22: =+I22/M22 -> 0 | K22: =INDIRECT(ADDRESS(34*(A22-1)+33,17,,,"Crudo2")) -> 6684.74 | L22: =INDIRECT(ADDRESS(34*(A22-1)+34,17,,,"Crudo2")) -> 5683.9066 | M22: =INDIRECT(ADDRESS(34*(A22-1)+35,13,,,"Crudo2")) -> 28 | N22: =+M22-E22 -> 20
... A37: =+A36+1 -> 35 | B37: =INDIRECT(ADDRESS(34*(A37-1)+3,3,,,"Crudo2")) -> Peru Libre | C37: =INDIRECT(ADDRESS(34*(A37-1)+33,16,,,"Crudo2")) -> 12131.861 | D37: =INDIRECT(ADDRESS(34*(A37-1)+34,16,,,"Crudo2")) -> 12582.361 | E37: =INDIRECT(ADDRESS(34*(A37-1)+35,12,,,"Crudo2")) -> 1 | F37: =+E37/M37 -> 0.033333333 | G37: =INDIRECT(ADDRESS(34*(A37-1)+33,13,,,"Crudo2")) -> 6.4 | H37: =INDIRECT(ADDRESS(34*(A37-1)+34,13,,,"Crudo2")) -> 4.132295 | I37: =INDIRECT(ADDRESS(34*(A37-1)+33,14,,,"Crudo2")) -> 3 | J37: =+I37/M37 -> 0.1 | K37: =INDIRECT(ADDRESS(34*(A37-1)+33,17,,,"Crudo2")) -> 11726.846 | L37: =INDIRECT(ADDRESS(34*(A37-1)+34,17,,,"Crudo2")) -> 12000.673 | M37: =INDIRECT(ADDRESS(34*(A37-1)+35,13,,,"Crudo2")) -> 30 | N37: =+M37-E37 -> 29
A38: =+A37+1 -> 36 | B38: Salvemos al Perú
A39: =+A38+1 -> 37 | B39: Peru Moderno
A40: =+A39+1 -> 38 | B40: CPP

Sheet Op3
D2: =+C7/D7 -> 0.29 | F2: 5 | G2: =1130*4 -> 4520
C3: Sentencias | E3: Preparación | G3: Ingresos Mensuales Totales | I3: Ingresos Mensuales Efectivos
C4: Total | D4: Porcentaje | E4: Promedio | F4: Desv. Standard | G4: Promedio | H4: Desv. Standard | I4: Promedio | J4: Desv. Standard | K4: # con Cero | L4: # Candidatos | M4: # Candidatos | N4: # Cand Efec | O4: TK3
B5: Partido | C5: =+F5+1 -> 7 | D5: =+C5+1 -> 8 | E5: =+L5+1 -> 5 | F5: =+E5+1 -> 6 | G5: 1 | H5: =+G5+1 -> 2 | I5: =+D5+1 -> 9 | J5: =+I5+1 -> 10 | K5: =+H5+1 -> 3 | L5: =+K5+1 -> 4 | M5: =+J5+1 -> 11 | N5: =+M5+1 -> 12 | O5: =+N5+1 -> 13
A6: 1 | B6: Ahora Nación | C6: =+VLOOKUP($B6,Resumen2!$B:$N,'Op3'!C$5+1,FALSE) -> 0 | D6: =+VLOOKUP($B6,Resumen2!$B:$N,'Op3'!D$5+1,FALSE)*100 -> 0 | E6: =+VLOOKUP($B6,Resumen2!$B:$N,'Op3'!E$5+1,FALSE) -> 7.3928571 | F6: =+VLOOKUP($B6,Resumen2!$B:$N,'Op3'!F$5+1,FALSE) -> 4.7713597 | G6: =+VLOOKUP($B6,Resumen2!$B:$N,'Op3'!G$5+1,FALSE) -> 8509.7649 | H6: =+VLOOKUP($B6,Resumen2!$B:$N,'Op3'!H$5+1,FALSE) -> 8326.9528 | I6: =+VLOOKUP($B6,Resumen2!$B:$N,'Op3'!I$5+1,FALSE) -> 6872.4074 | J6: =+VLOOKUP($B6,Resumen2!$B:$N,'Op3'!J$5+1,FALSE) -> 5479.2327 | K6: =+VLOOKUP($B6,Resumen2!$B:$N,'Op3'!K$5+1,FALSE) -> 0 | L6: =+VLOOKUP($B6,Resumen2!$B:$N,'Op3'!L$5+1,FALSE) -> 0 | ... N6: =+VLOOKUP($B6,Resumen2!$B:$N,'Op3'!N$5+1,FALSE) -> 28 | O6: =+VLOOKUP($B6,Resumen!B:Q,16,FALSE) -> 0.27777778
A7: =+A6+1 -> 2 | B7: Alianza para el Progreso | C7: =+VLOOKUP($B7,Resumen2!$B:$N,'Op3'!C$5+1,FALSE) -> 7 | D7: =+VLOOKUP($B7,Resumen2!$B:$N,'Op3'!D$5+1,FALSE)*100 -> 24.137931 | E7: =+VLOOKUP($B7,Resumen2!$B:$N,'Op3'!E$5+1,FALSE) -> 8.4137931 | F7: =+VLOOKUP($B7,Resumen2!$B:$N,'Op3'!F$5+1,FALSE) -> 4.9245539 | G7: =+VLOOKUP($B7,Resumen2!$B:$N,'Op3'!G$5+1,FALSE) -> 42399.07 | H7: =+VLOOKUP($B7,Resumen2!$B:$N,'Op3'!H$5+1,FALSE) -> 150040.03 | I7: =+VLOOKUP($B7,Resumen2!$B:$N,'Op3'!I$5+1,FALSE) -> 16393.701 | J7: =+VLOOKUP($B7,Resumen2!$B:$N,'Op3'!J$5+1,FALSE) -> 12570.068 | K7: =+VLOOKUP($B7,Resumen2!$B:$N,'Op3'!K$5+1,FALSE) -> 3 | L7: =+VLOOKUP($B7,Resumen2!$B:$N,'Op3'!L$5+1,FALSE) -> 0.10344828 | ... N7: =+VLOOKUP($B7,Resumen2!$B:$N,'Op3'!N$5+1,FALSE) -> 26 | O7: =+VLOOKUP($B7,Resumen!B:Q,16,FALSE) -> 1
A8: =+A7+1 -> 3 | B8: APRA | C8: =+VLOOKUP($B8,Resumen2!$B:$N,'Op3'!C$5+1,FALSE) -> 0 | D8: =+VLOOKUP($B8,Resumen2!$B:$N,'Op3'!D$5+1,FALSE)*100 -> 0 | E8: =+VLOOKUP($B8,Resumen2!$B:$N,'Op3'!E$5+1,FALSE) -> 7.2758621 | F8: =+VLOOKUP($B8,Resumen2!$B:$N,'Op3'!F$5+1,FALSE) -> 4.1567205 | G8: =+VLOOKUP($B8,Resumen2!$B:$N,'Op3'!G$5+1,FALSE) -> 9421.0123 | H8: =+VLOOKUP($B8,Resumen2!$B:$N,'Op3'!H$5+1,FALSE) -> 12702.091 | I8: =+VLOOKUP($B8,Resumen2!$B:$N,'Op3'!I$5+1,FALSE) -> 10545.747 | J8: =+VLOOKUP($B8,Resumen2!$B:$N,'Op3'!J$5+1,FALSE) -> 10193.437 | K8: =+VLOOKUP($B8,Resumen2!$B:$N,'Op3'!K$5+1,FALSE) -> 7 | L8: =+VLOOKUP($B8,Resumen2!$B:$N,'Op3'!L$5+1,FALSE) -> 0.24137931 | ... N8: =+VLOOKUP($B8,Resumen2!$B:$N,'Op3'!N$5+1,FALSE) -> 22 | O8: =+VLOOKUP($B8,Resumen!B:Q,16,FALSE) -> 1
A9: =+A8+1 -> 4 | B9: Avanza Pais | C9: =+VLOOKUP($B9,Resumen2!$B:$N,'Op3'!C$5+1,FALSE) -> 0 | D9: =+VLOOKUP($B9,Resumen2!$B:$N,'Op3'!D$5+1,FALSE)*100 -> 0 | E9: =+VLOOKUP($B9,Resumen2!$B:$N,'Op3'!E$5+1,FALSE) -> 6.56 | F9: =+VLOOKUP($B9,Resumen2!$B:$N,'Op3'!F$5+1,FALSE) -> 4.5650849 | G9: =+VLOOKUP($B9,Resumen2!$B:$N,'Op3'!G$5+1,FALSE) -> 14076.754 | H9: =+VLOOKUP($B9,Resumen2!$B:$N,'Op3'!H$5+1,FALSE) -> 17844.18 | I9: =+VLOOKUP($B9,Resumen2!$B:$N,'Op3'!I$5+1,FALSE) -> 20119.151 | J9: =+VLOOKUP($B9,Resumen2!$B:$N,'Op3'!J$5+1,FALSE) -> 12384.043 | K9: =+VLOOKUP($B9,Resumen2!$B:$N,'Op3'!K$5+1,FALSE) -> 10 | L9: =+VLOOKUP($B9,Resumen2!$B:$N,'Op3'!L$5+1,FALSE) -> 0.4 | ... N9: =+VLOOKUP($B9,Resumen2!$B:$N,'Op3'!N$5+1,FALSE) -> 15 | O9: =+VLOOKUP($B9,Resumen!B:Q,16,FALSE) -> 1
A10: =+A9+1 -> 5 | B10: Buen Gobierno | C10: =+VLOOKUP($B10,Resumen2!$B:$N,'Op3'!C$5+1,FALSE) -> 1 | D10: =+VLOOKUP($B10,Resumen2!$B:$N,'Op3'!D$5+1,FALSE)*100 -> 3.3333333 | E10: =+VLOOKUP($B10,Resumen2!$B:$N,'Op3'!E$5+1,FALSE) -> 6 | F10: =+VLOOKUP($B10,Resumen2!$B:$N,'Op3'!F$5+1,FALSE) -> 3.25894 | G10: =+VLOOKUP($B10,Resumen2!$B:$N,'Op3'!G$5+1,FALSE) -> 6373.2589 | H10: =+VLOOKUP($B10,Resumen2!$B:$N,'Op3'!H$5+1,FALSE) -> 8562.9171 | I10: =+VLOOKUP($B10,Resumen2!$B:$N,'Op3'!I$5+1,FALSE) -> 5266.158 | J10: =+VLOOKUP($B10,Resumen2!$B:$N,'Op3'!J$5+1,FALSE) -> 5446.8126 | K10: =+VLOOKUP($B10,Resumen2!$B:$N,'Op3'!K$5+1,FALSE) -> 2 | L10: =+VLOOKUP($B10,Resumen2!$B:$N,'Op3'!L$5+1,FALSE) -> 0.066666667 | ... N10: =+VLOOKUP($B10,Resumen2!$B:$N,'Op3'!N$5+1,FALSE) -> 28 | O10: =+VLOOKUP($B10,Resumen!B:Q,16,FALSE) -> 0.18333333
A11: =+A10+1 -> 6 | B11: Cooperación Popular | C11: =+VLOOKUP($B11,Resumen2!$B:$N,'Op3'!C$5+1,FALSE) -> 1 | D11: =+VLOOKUP($B11,Resumen2!$B:$N,'Op3'!D$5+1,FALSE)*100 -> 3.5714286 | E11: =+VLOOKUP($B11,Resumen2!$B:$N,'Op3'!E$5+1,FALSE) -> 3.4285714 | F11: =+VLOOKUP($B11,Resumen2!$B:$N,'Op3'!F$5+1,FALSE) -> 3.2366944 | G11: =+VLOOKUP($B11,Resumen2!$B:$N,'Op3'!G$5+1,FALSE) -> 3355.8839 | H11: =+VLOOKUP($B11,Resumen2!$B:$N,'Op3'!H$5+1,FALSE) -> 6460.0595 | I11: =+VLOOKUP($B11,Resumen2!$B:$N,'Op3'!I$5+1,FALSE) -> 1885.5772 | J11: =+VLOOKUP($B11,Resumen2!$B:$N,'Op3'!J$5+1,FALSE) -> 1651.3348 | K11: =+VLOOKUP($B11,Resumen2!$B:$N,'Op3'!K$5+1,FALSE) -> 0 | L11: =+VLOOKUP($B11,Resumen2!$B:$N,'Op3'!L$5+1,FALSE) -> 0 | ... N11: =+VLOOKUP($B11,Resumen2!$B:$N,'Op3'!N$5+1,FALSE) -> 28 | O11: =+VLOOKUP($B11,Resumen!B:Q,16,FALSE) -> 0.29090909
A12: =+A11+1 -> 7 | B12: CPP | C12: =+VLOOKUP($B12,Resumen2!$B:$N,'Op3'!C$5+1,FALSE) -> 0 | D12: =+VLOOKUP($B12,Resumen2!$B:$N,'Op3'!D$5+1,FALSE)*100 -> 0 | E12: =+VLOOKUP($B12,Resumen2!$B:$N,'Op3'!E$5+1,FALSE) -> 0 | F12: =+VLOOKUP($B12,Resumen2!$B:$N,'Op3'!F$5+1,FALSE) -> 0 | G12: =+VLOOKUP($B12,Resumen2!$B:$N,'Op3'!G$5+1,FALSE) -> 0 | H12: =+VLOOKUP($B12,Resumen2!$B:$N,'Op3'!H$5+1,FALSE) -> 0 | I12: =+VLOOKUP($B12,Resumen2!$B:$N,'Op3'!I$5+1,FALSE) -> 0 | J12: =+VLOOKUP($B12,Resumen2!$B:$N,'Op3'!J$5+1,FALSE) -> 0 | K12: =+VLOOKUP($B12,Resumen2!$B:$N,'Op3'!K$5+1,FALSE) -> 0 | L12: =+VLOOKUP($B12,Resumen2!$B:$N,'Op3'!L$5+1,FALSE) -> 0 | ... N12: =+VLOOKUP($B12,Resumen2!$B:$N,'Op3'!N$5+1,FALSE) -> 0 | O12: =+VLOOKUP($B12,Resumen!B:Q,16,FALSE) -> 0
A13: =+A12+1 -> 8 | B13: Fe en el Peru | C13: =+VLOOKUP($B13,Resumen2!$B:$N,'Op3'!C$5+1,FALSE) -> 0 | D13: =+VLOOKUP($B13,Resumen2!$B:$N,'Op3'!D$5+1,FALSE)*100 -> 0 | E13: =+VLOOKUP($B13,Resumen2!$B:$N,'Op3'!E$5+1,FALSE) -> 4.9333333 | F13: =+VLOOKUP($B13,Resumen2!$B:$N,'Op3'!F$5+1,FALSE) -> 3.8999389 | G13: =+VLOOKUP($B13,Resumen2!$B:$N,'Op3'!G$5+1,FALSE) -> 4809.555 | H13: =+VLOOKUP($B13,Resumen2!$B:$N,'Op3'!H$5+1,FALSE) -> 4477.7625 | I13: =+VLOOKUP($B13,Resumen2!$B:$N,'Op3'!I$5+1,FALSE) -> 4705.0479 | J13: =+VLOOKUP($B13,Resumen2!$B:$N,'Op3'!J$5+1,FALSE) -> 3248.5512 | K13: =+VLOOKUP($B13,Resumen2!$B:$N,'Op3'!K$5+1,FALSE) -> 2 | L13: =+VLOOKUP($B13,Resumen2!$B:$N,'Op3'!L$5+1,FALSE) -> 0.11111111 | ... N13: =+VLOOKUP($B13,Resumen2!$B:$N,'Op3'!N$5+1,FALSE) -> 16 | O13: =+VLOOKUP($B13,Resumen!B:Q,16,FALSE) -> 0.35714286
A14: =+A13+1 -> 9 | B14: Frente de la Esperanza | C14: =+VLOOKUP($B14,Resumen2!$B:$N,'Op3'!C$5+1,FALSE) -> 0 | D14: =+VLOOKUP($B14,Resumen2!$B:$N,'Op3'!D$5+1,FALSE)*100 -> 0 | E14: =+VLOOKUP($B14,Resumen2!$B:$N,'Op3'!E$5+1,FALSE) -> 6.137931 | F14: =+VLOOKUP($B14,Resumen2!$B:$N,'Op3'!F$5+1,FALSE) -> 4.3402118 | G14: =+VLOOKUP($B14,Resumen2!$B:$N,'Op3'!G$5+1,FALSE) -> 5274.1466 | H14: =+VLOOKUP($B14,Resumen2!$B:$N,'Op3'!H$5+1,FALSE) -> 5161.1086 | I14: =+VLOOKUP($B14,Resumen2!$B:$N,'Op3'!I$5+1,FALSE) -> 6193.1932 | J14: =+VLOOKUP($B14,Resumen2!$B:$N,'Op3'!J$5+1,FALSE) -> 4524.0368 | K14: =+VLOOKUP($B14,Resumen2!$B:$N,'Op3'!K$5+1,FALSE) -> 6 | L14: =+VLOOKUP($B14,Resumen2!$B:$N,'Op3'!L$5+1,FALSE) -> 0.20689655 | ... N14: =+VLOOKUP($B14,Resumen2!$B:$N,'Op3'!N$5+1,FALSE) -> 23 | O14: =+VLOOKUP($B14,Resumen!B:Q,16,FALSE) -> 0.31034483
A15: =+A14+1 -> 10 | B15: FREPAP | C15: =+VLOOKUP($B15,Resumen2!$B:$N,'Op3'!C$5+1,FALSE) -> 0 | D15: =+VLOOKUP($B15,Resumen2!$B:$N,'Op3'!D$5+1,FALSE)*100 -> 0 | E15: =+VLOOKUP($B15,Resumen2!$B:$N,'Op3'!E$5+1,FALSE) -> 3.9333333 | F15: =+VLOOKUP($B15,Resumen2!$B:$N,'Op3'!F$5+1,FALSE) -> 4.0337655 | G15: =+VLOOKUP($B15,Resumen2!$B:$N,'Op3'!G$5+1,FALSE) -> 1215.609 | H15: =+VLOOKUP($B15,Resumen2!$B:$N,'Op3'!H$5+1,FALSE) -> 2435.3156 | I15: =+VLOOKUP($B15,Resumen2!$B:$N,'Op3'!I$5+1,FALSE) -> 3958.938 | J15: =+VLOOKUP($B15,Resumen2!$B:$N,'Op3'!J$5+1,FALSE) -> 2234.1509 | K15: =+VLOOKUP($B15,Resumen2!$B:$N,'Op3'!K$5+1,FALSE) -> 22 | L15: =+VLOOKUP($B15,Resumen2!$B:$N,'Op3'!L$5+1,FALSE) -> 0.73333333 | ... N15: =+VLOOKUP($B15,Resumen2!$B:$N,'Op3'!N$5+1,FALSE) -> 8 | O15: =+VLOOKUP($B15,Resumen!B:Q,16,FALSE) -> 0
A16: =+A15+1 -> 11 | B16: Fuerza Popular | C16: =+VLOOKUP($B16,Resumen2!$B:$N,'Op3'!C$5+1,FALSE) -> 6 | D16: =+VLOOKUP($B16,Resumen2!$B:$N,'Op3'!D$5+1,FALSE)*100 -> 20 | E16: =+VLOOKUP($B16,Resumen2!$B:$N,'Op3'!E$5+1,FALSE) -> 6.8333333 | F16: =+VLOOKUP($B16,Resumen2!$B:$N,'Op3'!F$5+1,FALSE) -> 3.7608082 | G16: =+VLOOKUP($B16,Resumen2!$B:$N,'Op3'!G$5+1,FALSE) -> 16195.718 | H16: =+VLOOKUP($B16,Resumen2!$B:$N,'Op3'!H$5+1,FALSE) -> 14402.227 | I16: =+VLOOKUP($B16,Resumen2!$B:$N,'Op3'!I$5+1,FALSE) -> 15141.926 | J16: =+VLOOKUP($B16,Resumen2!$B:$N,'Op3'!J$5+1,FALSE) -> 10657.683 | K16: =+VLOOKUP($B16,Resumen2!$B:$N,'Op3'!K$5+1,FALSE) -> 1 | L16: =+VLOOKUP($B16,Resumen2!$B:$N,'Op3'!L$5+1,FALSE) -> 0.033333333 | ... N16: =+VLOOKUP($B16,Resumen2!$B:$N,'Op3'!N$5+1,FALSE) -> 29 | O16: =+VLOOKUP($B16,Resumen!B:Q,16,FALSE) -> 1
A17: =+A16+1 -> 12 | B17: Fuerza y Libertad | C17: =+VLOOKUP($B17,Resumen2!$B:$N,'Op3'!C$5+1,FALSE) -> 0 | D17: =+VLOOKUP($B17,Resumen2!$B:$N,'Op3'!D$5+1,FALSE)*100 -> 0 | E17: =+VLOOKUP($B17,Resumen2!$B:$N,'Op3'!E$5+1,FALSE) -> 6.3571429 | F17: =+VLOOKUP($B17,Resumen2!$B:$N,'Op3'!F$5+1,FALSE) -> 5.2367242 | G17: =+VLOOKUP($B17,Resumen2!$B:$N,'Op3'!G$5+1,FALSE) -> 6745.8043 | H17: =+VLOOKUP($B17,Resumen2!$B:$N,'Op3'!H$5+1,FALSE) -> 12148.142 | I17: =+VLOOKUP($B17,Resumen2!$B:$N,'Op3'!I$5+1,FALSE) -> 6684.74 | J17: =+VLOOKUP($B17,Resumen2!$B:$N,'Op3'!J$5+1,FALSE) -> 5683.9066 | K17: =+VLOOKUP($B17,Resumen2!$B:$N,'Op3'!K$5+1,FALSE) -> 8 | L17: =+VLOOKUP($B17,Resumen2!$B:$N,'Op3'!L$5+1,FALSE) -> 0.28571429 | ... N17: =+VLOOKUP($B17,Resumen2!$B:$N,'Op3'!N$5+1,FALSE) -> 20 | O17: =+VLOOKUP($B17,Resumen!B:Q,16,FALSE) -> 0.18181818
A18: =+A17+1 -> 13 | B18: Integridad Democrática | C18: =+VLOOKUP($B18,Resumen2!$B:$N,'Op3'!C$5+1,FALSE) -> 0 | D18: =+VLOOKUP($B18,Resumen2!$B:$N,'Op3'!D$5+1,FALSE)*100 -> 0 | E18: =+VLOOKUP($B18,Resumen2!$B:$N,'Op3'!E$5+1,FALSE) -> 7.4333333 | F18: =+VLOOKUP($B18,Resumen2!$B:$N,'Op3'!F$5+1,FALSE) -> 4.9527654 | G18: =+VLOOKUP($B18,Resumen2!$B:$N,'Op3'!G$5+1,FALSE) -> 3869.726 | H18: =+VLOOKUP($B18,Resumen2!$B:$N,'Op3'!H$5+1,FALSE) -> 5453.1102 | I18: =+VLOOKUP($B18,Resumen2!$B:$N,'Op3'!I$5+1,FALSE) -> 6195.9687 | J18: =+VLOOKUP($B18,Resumen2!$B:$N,'Op3'!J$5+1,FALSE) -> 3777.0187 | K18: =+VLOOKUP($B18,Resumen2!$B:$N,'Op3'!K$5+1,FALSE) -> 14 | L18: =+VLOOKUP($B18,Resumen2!$B:$N,'Op3'!L$5+1,FALSE) -> 0.46666667 | ... N18: =+VLOOKUP($B18,Resumen2!$B:$N,'Op3'!N$5+1,FALSE) -> 16 | O18: =+VLOOKUP($B18,Resumen!B:Q,16,FALSE) -> 0.11666667
... A43: =+A42+1 -> 38 | B43: Verde | C43: =+VLOOKUP($B43,Resumen2!$B:$N,'Op3'!C$5+1,FALSE) -> 1 | D43: =+VLOOKUP($B43,Resumen2!$B:$N,'Op3'!D$5+1,FALSE)*100 -> 3.4482759 | E43: =+VLOOKUP($B43,Resumen2!$B:$N,'Op3'!E$5+1,FALSE) -> 3.8275862 | F43: =+VLOOKUP($B43,Resumen2!$B:$N,'Op3'!F$5+1,FALSE) -> 3.5362305 | G43: =+VLOOKUP($B43,Resumen2!$B:$N,'Op3'!G$5+1,FALSE) -> 2099.072 | H43: =+VLOOKUP($B43,Resumen2!$B:$N,'Op3'!H$5+1,FALSE) -> 3078.8423 | I43: =+VLOOKUP($B43,Resumen2!$B:$N,'Op3'!I$5+1,FALSE) -> 2283.5169 | J43: =+VLOOKUP($B43,Resumen2!$B:$N,'Op3'!J$5+1,FALSE) -> 1743.9211 | K43: =+VLOOKUP($B43,Resumen2!$B:$N,'Op3'!K$5+1,FALSE) -> 8 | L43: =+VLOOKUP($B43,Resumen2!$B:$N,'Op3'!L$5+1,FALSE) -> 0.27586207 | ... N43: =+VLOOKUP($B43,Resumen2!$B:$N,'Op3'!N$5+1,FALSE) -> 21 | O43: =+VLOOKUP($B43,Resumen!B:Q,16,FALSE) -> 0.42
A45: 1 | B45: Ahora Nación | C45: 0 | D45: 0 | E45: =36-A45 -> 35
A46: 1 | B46: APRA | C46: 0 | D46: 0 | E46: =36-A46 -> 35
A47: 1 | B47: Avanza Pais | C47: 0 | D47: 0 | E47: =36-A47 -> 35
A48: 1 | B48: Fe en el Peru | C48: 0 | D48: 0 | E48: =36-A48 -> 35
A49: 1 | B49: Frente de la Esperanza | C49: 0 | D49: 0 | E49: =36-A49 -> 35
A50: 1 | B50: FREPAP | C50: 0 | D50: 0 | E50: =36-A50 -> 35
A51: 1 | B51: Fuerza y Libertad | C51: 0 | D51: 0 | E51: =36-A51 -> 35
A52: 1 | B52: Integridad Democrática | C52: 0 | D52: 0 | E52: =36-A52 -> 35
A53: 1 | B53: Libertad Popular | C53: 0 | D53: 0 | E53: =36-A53 -> 35
A54: 1 | B54: PPP | C54: 0 | D54: 0 | E54: =36-A54 -> 35
A55: 1 | B55: PRIN | C55: 0 | D55: 0 | E55: =36-A55 -> 35
A56: 1 | B56: PTE | C56: 0 | D56: 0 | E56: =36-A56 -> 35
... A79: 35 | B79: Alianza para el Progreso | C79: 7 | D79: 24.137931 | E79: =36-A79 -> 1
A84: 1 | B84: Alianza para el Progreso | C84: 8.4137931 | D84: =+C84=C85 -> FALSE | E84: =36-A84 -> 35
A85: 2 | B85: Pais para Todos | C85: 7.9583333 | D85: =+C85=C86 -> FALSE | E85: =36-A85 -> 34
A86: 3 | B86: Unido Perú | C86: 7.9444444 | D86: =+C86=C87 -> FALSE | E86: =36-A86 -> 33
A87: 4 | B87: Peru Primero | C87: 7.9285714 | D87: =+C87=C88 -> FALSE | E87: =36-A87 -> 32
A88: 5 | B88: Libertad Popular | C88: 7.5185185 | D88: =+C88=C89 -> FALSE | E88: =36-A88 -> 31
A89: 6 | B89: Integridad Democrática | C89: 7.4333333 | D89: =+C89=C90 -> FALSE | E89: =36-A89 -> 30
A90: 7 | B90: Ahora Nación | C90: 7.3928571 | D90: =+C90=C91 -> FALSE | E90: =36-A90 -> 29
A91: 8 | B91: APRA | C91: 7.2758621 | D91: =+C91=C92 -> FALSE | E91: =36-A91 -> 28
A92: 9 | B92: Fuerza Popular | C92: 6.8333333 | D92: =+C92=C93 -> FALSE | E92: =36-A92 -> 27
A93: 10 | B93: Unidad Nacional | C93: 6.6666667 | D93: =+C93=C94 -> FALSE | E93: =36-A93 -> 26
A94: 11 | B94: Avanza Pais | C94: 6.56 | D94: =+C94=C95 -> FALSE | E94: =36-A94 -> 25
A95: 12 | B95: Primero La Gente | C95: 6.5555556 | D95: =+C95=C96 -> FALSE | E95: =36-A95 -> 24
... A118: 35 | B118: Un Camino Diferente | C118: 3.2666667 | D118: =+C118=C119 -> FALSE | E118: =36-A118 -> 1
B119: CPP | C119: 0
B120: Peru Moderno | C120: 0
B121: Salvemos al Perú | C121: 0
A123: 1 | B123: Ahora Nación | C123: 0 | D123: =36-A123 -> 35
A124: 1 | B124: Cooperación Popular | C124: 0 | D124: =36-A124 -> 35
A125: 5 | B125: Fuerza Popular | C125: 1 | D125: =36-A125 -> 31
A126: 5 | B126: Partido Morado | C126: 1 | D126: =36-A126 -> 31
A127: 5 | B127: Peru Libre | C127: 1 | D127: =36-A127 -> 31
A128: 11 | B128: Buen Gobierno | C128: 2 | D128: =36-A128 -> 25
A129: 11 | B129: Fe en el Peru | C129: 2 | D129: =36-A129 -> 25
A130: 11 | B130: Libertad Popular | C130: 2 | D130: =36-A130 -> 25
A131: 11 | B131: PPP | C131: 2 | D131: =36-A131 -> 25
A132: 11 | B132: PTE | C132: 2 | D132: =36-A132 -> 25
A133: 11 | B133: Unido Perú | C133: 2 | D133: =36-A133 -> 25
A134: 14 | B134: Alianza para el Progreso | C134: 3 | D134: =36-A134 -> 22
... A157: 35 | B157: Un Camino Diferente | C157: 26 | D157: =36-A157 -> 1
B158: CPP
B159: Peru Moderno
B160: Salvemos al Perú
B163: CPP | C163: 0
B164: Peru Moderno | C164: 0
B165: Salvemos al Perú | C165: 0
B166: Un Camino Diferente | C166: 301.32403
B167: FREPAP | C167: 1215.609
B168: Peru Acción | C168: 2006.7845
B169: Verde | C169: 2099.072
B170: Obras | C170: 2769.8314
B171: Progresemos | C171: 3332.6197
B172: Cooperación Popular | C172: 3355.8839
B173: PPP | C173: 3655.7755
B174: Integridad Democrática | C174: 3869.726
... B205: Salvemos al Perú | C205: 0
A206: 35 | B206: Un Camino Diferente | C206: 1179.9069 | D206: =36-A206 -> 1
A207: 33 | B207: Cooperación Popular | C207: 1885.5772 | D207: =36-A207 -> 3
A208: 31 | B208: Verde | C208: 2283.5169 | D208: =36-A208 -> 5
A209: 29 | B209: PPP | C209: 2747.6183 | D209: =36-A209 -> 7
A210: 27 | B210: Peru Acción | C210: 3201.0321 | D210: =36-A210 -> 9
A211: 25 | B211: Obras | C211: 3308.4868 | D211: =36-A211 -> 11
A212: 23 | B212: FREPAP | C212: 3958.938 | D212: =36-A212 -> 13
A213: 21 | B213: Unido Perú | C213: 4105.0597 | D213: =36-A213 -> 15
A214: 19 | B214: PRIN | C214: 4132.4555 | D214: =36-A214 -> 17
A215: 17 | B215: Fe en el Peru | C215: 4705.0479 | D215: =36-A215 -> 19
A216: 15 | B216: PTE | C216: 4911.606 | D216: =36-A216 -> 21
A217: 13 | B217: Buen Gobierno | C217: 5266.158 | D217: =36-A217 -> 23
... A221: 5 | B221: Si Creo | C221: 6318.5275 | D221: =36-A221 -> 31
A222: 3 | B222: Venceremos | C222: 6629.4894 | D222: =36-A222 -> 33 | E222: =1130*6 -> 6780
A223: 1 | B223: Fuerza y Libertad | C223: 6684.74 | D223: =36-A223 -> 35 | E223: =+C223/1130 -> 5.9156991
A224: 2 | B224: Ahora Nación | C224: 6872.4074 | D224: =36-A224 -> 34
A225: 4 | B225: Partido Morado | C225: 6928.5959 | D225: =36-A225 -> 32
A226: 6 | B226: Pais para Todos | C226: 7635.3224 | D226: =36-A226 -> 30
A227: 8 | B227: Juntos por el Perú | C227: 7985.3433 | D227: =36-A227 -> 28
A228: 10 | B228: Peru Primero | C228: 8821.5955 | D228: =36-A228 -> 26
A229: 12 | B229: Somos Perú | C229: 9126.2532 | D229: =36-A229 -> 24 | E229: =1130*8 -> 9040
A230: 14 | B230: Podemos Perú | C230: 9165.9559 | D230: =36-A230 -> 22
A231: 16 | B231: Unidad Nacional | C231: 9506.6952 | D231: =36-A231 -> 20
A232: 18 | B232: Primero La Gente | C232: 9599.9622 | D232: =36-A232 -> 18
...

Sheet Op4
D2: =+C7/D7 -> 0.29 | F2: 5 | G2: =1130*4 -> 4520
C3: Sentencias | E3: Preparación | G3: Ingresos Mensuales Totales | I3: Ingresos Mensuales Efectivos
C4: Total | D4: Porcentaje | E4: Promedio | F4: Desv. Standard | G4: Promedio | H4: Desv. Standard | I4: Promedio | J4: Desv. Standard | K4: # con Cero | L4: # Candidatos | M4: # Candidatos | N4: # Cand Efec | O4: TK3
B5: Partido | C5: =+F5+1 -> 7 | D5: =+C5+1 -> 8 | E5: =+L5+1 -> 5 | F5: =+E5+1 -> 6 | G5: 1 | H5: =+G5+1 -> 2 | I5: =+D5+1 -> 9 | J5: =+I5+1 -> 10 | K5: =+H5+1 -> 3 | L5: =+K5+1 -> 4 | M5: =+J5+1 -> 11 | N5: =+M5+1 -> 12 | O5: =+N5+1 -> 13
A6: 1 | B6: Ahora Nación | C6: =+VLOOKUP($B6,Resumen2!$B:$N,'Op4'!C$5+1,FALSE) -> 0 | D6: =+VLOOKUP($B6,Resumen2!$B:$N,'Op4'!D$5+1,FALSE)*100 -> 0 | E6: =+VLOOKUP($B6,Resumen2!$B:$N,'Op4'!E$5+1,FALSE) -> 7.3928571 | F6: =+VLOOKUP($B6,Resumen2!$B:$N,'Op4'!F$5+1,FALSE) -> 4.7713597 | G6: =+VLOOKUP($B6,Resumen2!$B:$N,'Op4'!G$5+1,FALSE) -> 8509.7649 | H6: =+VLOOKUP($B6,Resumen2!$B:$N,'Op4'!H$5+1,FALSE) -> 8326.9528 | I6: =+VLOOKUP($B6,Resumen2!$B:$N,'Op4'!I$5+1,FALSE) -> 6872.4074 | J6: =+VLOOKUP($B6,Resumen2!$B:$N,'Op4'!J$5+1,FALSE) -> 5479.2327 | K6: =+VLOOKUP($B6,Resumen2!$B:$N,'Op4'!K$5+1,FALSE) -> 0 | L6: =+VLOOKUP($B6,Resumen2!$B:$N,'Op4'!L$5+1,FALSE) -> 0 | ... N6: =+VLOOKUP($B6,Resumen2!$B:$N,'Op4'!N$5+1,FALSE) -> 28 | O6: =+VLOOKUP($B6,Resumen!B:Q,16,FALSE) -> 0.27777778
A7: =+A6+1 -> 2 | B7: Alianza para el Progreso | C7: =+VLOOKUP($B7,Resumen2!$B:$N,'Op4'!C$5+1,FALSE) -> 7 | D7: =+VLOOKUP($B7,Resumen2!$B:$N,'Op4'!D$5+1,FALSE)*100 -> 24.137931 | E7: =+VLOOKUP($B7,Resumen2!$B:$N,'Op4'!E$5+1,FALSE) -> 8.4137931 | F7: =+VLOOKUP($B7,Resumen2!$B:$N,'Op4'!F$5+1,FALSE) -> 4.9245539 | G7: =+VLOOKUP($B7,Resumen2!$B:$N,'Op4'!G$5+1,FALSE) -> 42399.07 | H7: =+VLOOKUP($B7,Resumen2!$B:$N,'Op4'!H$5+1,FALSE) -> 150040.03 | I7: =+VLOOKUP($B7,Resumen2!$B:$N,'Op4'!I$5+1,FALSE) -> 16393.701 | J7: =+VLOOKUP($B7,Resumen2!$B:$N,'Op4'!J$5+1,FALSE) -> 12570.068 | K7: =+VLOOKUP($B7,Resumen2!$B:$N,'Op4'!K$5+1,FALSE) -> 3 | L7: =+VLOOKUP($B7,Resumen2!$B:$N,'Op4'!L$5+1,FALSE) -> 0.10344828 | ... N7: =+VLOOKUP($B7,Resumen2!$B:$N,'Op4'!N$5+1,FALSE) -> 26 | O7: =+VLOOKUP($B7,Resumen!B:Q,16,FALSE) -> 1
A8: =+A7+1 -> 3 | B8: APRA | C8: =+VLOOKUP($B8,Resumen2!$B:$N,'Op4'!C$5+1,FALSE) -> 0 | D8: =+VLOOKUP($B8,Resumen2!$B:$N,'Op4'!D$5+1,FALSE)*100 -> 0 | E8: =+VLOOKUP($B8,Resumen2!$B:$N,'Op4'!E$5+1,FALSE) -> 7.2758621 | F8: =+VLOOKUP($B8,Resumen2!$B:$N,'Op4'!F$5+1,FALSE) -> 4.1567205 | G8: =+VLOOKUP($B8,Resumen2!$B:$N,'Op4'!G$5+1,FALSE) -> 9421.0123 | H8: =+VLOOKUP($B8,Resumen2!$B:$N,'Op4'!H$5+1,FALSE) -> 12702.091 | I8: =+VLOOKUP($B8,Resumen2!$B:$N,'Op4'!I$5+1,FALSE) -> 10545.747 | J8: =+VLOOKUP($B8,Resumen2!$B:$N,'Op4'!J$5+1,FALSE) -> 10193.437 | K8: =+VLOOKUP($B8,Resumen2!$B:$N,'Op4'!K$5+1,FALSE) -> 7 | L8: =+VLOOKUP($B8,Resumen2!$B:$N,'Op4'!L$5+1,FALSE) -> 0.24137931 | ... N8: =+VLOOKUP($B8,Resumen2!$B:$N,'Op4'!N$5+1,FALSE) -> 22 | O8: =+VLOOKUP($B8,Resumen!B:Q,16,FALSE) -> 1
A9: =+A8+1 -> 4 | B9: Avanza Pais | C9: =+VLOOKUP($B9,Resumen2!$B:$N,'Op4'!C$5+1,FALSE) -> 0 | D9: =+VLOOKUP($B9,Resumen2!$B:$N,'Op4'!D$5+1,FALSE)*100 -> 0 | E9: =+VLOOKUP($B9,Resumen2!$B:$N,'Op4'!E$5+1,FALSE) -> 6.56 | F9: =+VLOOKUP($B9,Resumen2!$B:$N,'Op4'!F$5+1,FALSE) -> 4.5650849 | G9: =+VLOOKUP($B9,Resumen2!$B:$N,'Op4'!G$5+1,FALSE) -> 14076.754 | H9: =+VLOOKUP($B9,Resumen2!$B:$N,'Op4'!H$5+1,FALSE) -> 17844.18 | I9: =+VLOOKUP($B9,Resumen2!$B:$N,'Op4'!I$5+1,FALSE) -> 20119.151 | J9: =+VLOOKUP($B9,Resumen2!$B:$N,'Op4'!J$5+1,FALSE) -> 12384.043 | K9: =+VLOOKUP($B9,Resumen2!$B:$N,'Op4'!K$5+1,FALSE) -> 10 | L9: =+VLOOKUP($B9,Resumen2!$B:$N,'Op4'!L$5+1,FALSE) -> 0.4 | ... N9: =+VLOOKUP($B9,Resumen2!$B:$N,'Op4'!N$5+1,FALSE) -> 15 | O9: =+VLOOKUP($B9,Resumen!B:Q,16,FALSE) -> 1
A10: =+A9+1 -> 5 | B10: Buen Gobierno | C10: =+VLOOKUP($B10,Resumen2!$B:$N,'Op4'!C$5+1,FALSE) -> 1 | D10: =+VLOOKUP($B10,Resumen2!$B:$N,'Op4'!D$5+1,FALSE)*100 -> 3.3333333 | E10: =+VLOOKUP($B10,Resumen2!$B:$N,'Op4'!E$5+1,FALSE) -> 6 | F10: =+VLOOKUP($B10,Resumen2!$B:$N,'Op4'!F$5+1,FALSE) -> 3.25894 | G10: =+VLOOKUP($B10,Resumen2!$B:$N,'Op4'!G$5+1,FALSE) -> 6373.2589 | H10: =+VLOOKUP($B10,Resumen2!$B:$N,'Op4'!H$5+1,FALSE) -> 8562.9171 | I10: =+VLOOKUP($B10,Resumen2!$B:$N,'Op4'!I$5+1,FALSE) -> 5266.158 | J10: =+VLOOKUP($B10,Resumen2!$B:$N,'Op4'!J$5+1,FALSE) -> 5446.8126 | K10: =+VLOOKUP($B10,Resumen2!$B:$N,'Op4'!K$5+1,FALSE) -> 2 | L10: =+VLOOKUP($B10,Resumen2!$B:$N,'Op4'!L$5+1,FALSE) -> 0.066666667 | ... N10: =+VLOOKUP($B10,Resumen2!$B:$N,'Op4'!N$5+1,FALSE) -> 28 | O10: =+VLOOKUP($B10,Resumen!B:Q,16,FALSE) -> 0.18333333
A11: =+A10+1 -> 6 | B11: Cooperación Popular | C11: =+VLOOKUP($B11,Resumen2!$B:$N,'Op4'!C$5+1,FALSE) -> 1 | D11: =+VLOOKUP($B11,Resumen2!$B:$N,'Op4'!D$5+1,FALSE)*100 -> 3.5714286 | E11: =+VLOOKUP($B11,Resumen2!$B:$N,'Op4'!E$5+1,FALSE) -> 3.4285714 | F11: =+VLOOKUP($B11,Resumen2!$B:$N,'Op4'!F$5+1,FALSE) -> 3.2366944 | G11: =+VLOOKUP($B11,Resumen2!$B:$N,'Op4'!G$5+1,FALSE) -> 3355.8839 | H11: =+VLOOKUP($B11,Resumen2!$B:$N,'Op4'!H$5+1,FALSE) -> 6460.0595 | I11: =+VLOOKUP($B11,Resumen2!$B:$N,'Op4'!I$5+1,FALSE) -> 1885.5772 | J11: =+VLOOKUP($B11,Resumen2!$B:$N,'Op4'!J$5+1,FALSE) -> 1651.3348 | K11: =+VLOOKUP($B11,Resumen2!$B:$N,'Op4'!K$5+1,FALSE) -> 0 | L11: =+VLOOKUP($B11,Resumen2!$B:$N,'Op4'!L$5+1,FALSE) -> 0 | ... N11: =+VLOOKUP($B11,Resumen2!$B:$N,'Op4'!N$5+1,FALSE) -> 28 | O11: =+VLOOKUP($B11,Resumen!B:Q,16,FALSE) -> 0.29090909
A12: =+A11+1 -> 7 | B12: CPP | C12: =+VLOOKUP($B12,Resumen2!$B:$N,'Op4'!C$5+1,FALSE) -> 0 | D12: =+VLOOKUP($B12,Resumen2!$B:$N,'Op4'!D$5+1,FALSE)*100 -> 0 | E12: =+VLOOKUP($B12,Resumen2!$B:$N,'Op4'!E$5+1,FALSE) -> 0 | F12: =+VLOOKUP($B12,Resumen2!$B:$N,'Op4'!F$5+1,FALSE) -> 0 | G12: =+VLOOKUP($B12,Resumen2!$B:$N,'Op4'!G$5+1,FALSE) -> 0 | H12: =+VLOOKUP($B12,Resumen2!$B:$N,'Op4'!H$5+1,FALSE) -> 0 | I12: =+VLOOKUP($B12,Resumen2!$B:$N,'Op4'!I$5+1,FALSE) -> 0 | J12: =+VLOOKUP($B12,Resumen2!$B:$N,'Op4'!J$5+1,FALSE) -> 0 | K12: =+VLOOKUP($B12,Resumen2!$B:$N,'Op4'!K$5+1,FALSE) -> 0 | L12: =+VLOOKUP($B12,Resumen2!$B:$N,'Op4'!L$5+1,FALSE) -> 0 | ... N12: =+VLOOKUP($B12,Resumen2!$B:$N,'Op4'!N$5+1,FALSE) -> 0 | O12: =+VLOOKUP($B12,Resumen!B:Q,16,FALSE) -> 0
A13: =+A12+1 -> 8 | B13: Fe en el Peru | C13: =+VLOOKUP($B13,Resumen2!$B:$N,'Op4'!C$5+1,FALSE) -> 0 | D13: =+VLOOKUP($B13,Resumen2!$B:$N,'Op4'!D$5+1,FALSE)*100 -> 0 | E13: =+VLOOKUP($B13,Resumen2!$B:$N,'Op4'!E$5+1,FALSE) -> 4.9333333 | F13: =+VLOOKUP($B13,Resumen2!$B:$N,'Op4'!F$5+1,FALSE) -> 3.8999389 | G13: =+VLOOKUP($B13,Resumen2!$B:$N,'Op4'!G$5+1,FALSE) -> 4809.555 | H13: =+VLOOKUP($B13,Resumen2!$B:$N,'Op4'!H$5+1,FALSE) -> 4477.7625 | I13: =+VLOOKUP($B13,Resumen2!$B:$N,'Op4'!I$5+1,FALSE) -> 4705.0479 | J13: =+VLOOKUP($B13,Resumen2!$B:$N,'Op4'!J$5+1,FALSE) -> 3248.5512 | K13: =+VLOOKUP($B13,Resumen2!$B:$N,'Op4'!K$5+1,FALSE) -> 2 | L13: =+VLOOKUP($B13,Resumen2!$B:$N,'Op4'!L$5+1,FALSE) -> 0.11111111 | ... N13: =+VLOOKUP($B13,Resumen2!$B:$N,'Op4'!N$5+1,FALSE) -> 16 | O13: =+VLOOKUP($B13,Resumen!B:Q,16,FALSE) -> 0.35714286
A14: =+A13+1 -> 9 | B14: Frente de la Esperanza | C14: =+VLOOKUP($B14,Resumen2!$B:$N,'Op4'!C$5+1,FALSE) -> 0 | D14: =+VLOOKUP($B14,Resumen2!$B:$N,'Op4'!D$5+1,FALSE)*100 -> 0 | E14: =+VLOOKUP($B14,Resumen2!$B:$N,'Op4'!E$5+1,FALSE) -> 6.137931 | F14: =+VLOOKUP($B14,Resumen2!$B:$N,'Op4'!F$5+1,FALSE) -> 4.3402118 | G14: =+VLOOKUP($B14,Resumen2!$B:$N,'Op4'!G$5+1,FALSE) -> 5274.1466 | H14: =+VLOOKUP($B14,Resumen2!$B:$N,'Op4'!H$5+1,FALSE) -> 5161.1086 | I14: =+VLOOKUP($B14,Resumen2!$B:$N,'Op4'!I$5+1,FALSE) -> 6193.1932 | J14: =+VLOOKUP($B14,Resumen2!$B:$N,'Op4'!J$5+1,FALSE) -> 4524.0368 | K14: =+VLOOKUP($B14,Resumen2!$B:$N,'Op4'!K$5+1,FALSE) -> 6 | L14: =+VLOOKUP($B14,Resumen2!$B:$N,'Op4'!L$5+1,FALSE) -> 0.20689655 | ... N14: =+VLOOKUP($B14,Resumen2!$B:$N,'Op4'!N$5+1,FALSE) -> 23 | O14: =+VLOOKUP($B14,Resumen!B:Q,16,FALSE) -> 0.31034483
A15: =+A14+1 -> 10 | B15: FREPAP | C15: =+VLOOKUP($B15,Resumen2!$B:$N,'Op4'!C$5+1,FALSE) -> 0 | D15: =+VLOOKUP($B15,Resumen2!$B:$N,'Op4'!D$5+1,FALSE)*100 -> 0 | E15: =+VLOOKUP($B15,Resumen2!$B:$N,'Op4'!E$5+1,FALSE) -> 3.9333333 | F15: =+VLOOKUP($B15,Resumen2!$B:$N,'Op4'!F$5+1,FALSE) -> 4.0337655 | G15: =+VLOOKUP($B15,Resumen2!$B:$N,'Op4'!G$5+1,FALSE) -> 1215.609 | H15: =+VLOOKUP($B15,Resumen2!$B:$N,'Op4'!H$5+1,FALSE) -> 2435.3156 | I15: =+VLOOKUP($B15,Resumen2!$B:$N,'Op4'!I$5+1,FALSE) -> 3958.938 | J15: =+VLOOKUP($B15,Resumen2!$B:$N,'Op4'!J$5+1,FALSE) -> 2234.1509 | K15: =+VLOOKUP($B15,Resumen2!$B:$N,'Op4'!K$5+1,FALSE) -> 22 | L15: =+VLOOKUP($B15,Resumen2!$B:$N,'Op4'!L$5+1,FALSE) -> 0.73333333 | ... N15: =+VLOOKUP($B15,Resumen2!$B:$N,'Op4'!N$5+1,FALSE) -> 8 | O15: =+VLOOKUP($B15,Resumen!B:Q,16,FALSE) -> 0
A16: =+A15+1 -> 11 | B16: Fuerza Popular | C16: =+VLOOKUP($B16,Resumen2!$B:$N,'Op4'!C$5+1,FALSE) -> 6 | D16: =+VLOOKUP($B16,Resumen2!$B:$N,'Op4'!D$5+1,FALSE)*100 -> 20 | E16: =+VLOOKUP($B16,Resumen2!$B:$N,'Op4'!E$5+1,FALSE) -> 6.8333333 | F16: =+VLOOKUP($B16,Resumen2!$B:$N,'Op4'!F$5+1,FALSE) -> 3.7608082 | G16: =+VLOOKUP($B16,Resumen2!$B:$N,'Op4'!G$5+1,FALSE) -> 16195.718 | H16: =+VLOOKUP($B16,Resumen2!$B:$N,'Op4'!H$5+1,FALSE) -> 14402.227 | I16: =+VLOOKUP($B16,Resumen2!$B:$N,'Op4'!I$5+1,FALSE) -> 15141.926 | J16: =+VLOOKUP($B16,Resumen2!$B:$N,'Op4'!J$5+1,FALSE) -> 10657.683 | K16: =+VLOOKUP($B16,Resumen2!$B:$N,'Op4'!K$5+1,FALSE) -> 1 | L16: =+VLOOKUP($B16,Resumen2!$B:$N,'Op4'!L$5+1,FALSE) -> 0.033333333 | ... N16: =+VLOOKUP($B16,Resumen2!$B:$N,'Op4'!N$5+1,FALSE) -> 29 | O16: =+VLOOKUP($B16,Resumen!B:Q,16,FALSE) -> 1
A17: =+A16+1 -> 12 | B17: Fuerza y Libertad | C17: =+VLOOKUP($B17,Resumen2!$B:$N,'Op4'!C$5+1,FALSE) -> 0 | D17: =+VLOOKUP($B17,Resumen2!$B:$N,'Op4'!D$5+1,FALSE)*100 -> 0 | E17: =+VLOOKUP($B17,Resumen2!$B:$N,'Op4'!E$5+1,FALSE) -> 6.3571429 | F17: =+VLOOKUP($B17,Resumen2!$B:$N,'Op4'!F$5+1,FALSE) -> 5.2367242 | G17: =+VLOOKUP($B17,Resumen2!$B:$N,'Op4'!G$5+1,FALSE) -> 6745.8043 | H17: =+VLOOKUP($B17,Resumen2!$B:$N,'Op4'!H$5+1,FALSE) -> 12148.142 | I17: =+VLOOKUP($B17,Resumen2!$B:$N,'Op4'!I$5+1,FALSE) -> 6684.74 | J17: =+VLOOKUP($B17,Resumen2!$B:$N,'Op4'!J$5+1,FALSE) -> 5683.9066 | K17: =+VLOOKUP($B17,Resumen2!$B:$N,'Op4'!K$5+1,FALSE) -> 8 | L17: =+VLOOKUP($B17,Resumen2!$B:$N,'Op4'!L$5+1,FALSE) -> 0.28571429 | ... N17: =+VLOOKUP($B17,Resumen2!$B:$N,'Op4'!N$5+1,FALSE) -> 20 | O17: =+VLOOKUP($B17,Resumen!B:Q,16,FALSE) -> 0.18181818
A18: =+A17+1 -> 13 | B18: Integridad Democrática | C18: =+VLOOKUP($B18,Resumen2!$B:$N,'Op4'!C$5+1,FALSE) -> 0 | D18: =+VLOOKUP($B18,Resumen2!$B:$N,'Op4'!D$5+1,FALSE)*100 -> 0 | E18: =+VLOOKUP($B18,Resumen2!$B:$N,'Op4'!E$5+1,FALSE) -> 7.4333333 | F18: =+VLOOKUP($B18,Resumen2!$B:$N,'Op4'!F$5+1,FALSE) -> 4.9527654 | G18: =+VLOOKUP($B18,Resumen2!$B:$N,'Op4'!G$5+1,FALSE) -> 3869.726 | H18: =+VLOOKUP($B18,Resumen2!$B:$N,'Op4'!H$5+1,FALSE) -> 5453.1102 | I18: =+VLOOKUP($B18,Resumen2!$B:$N,'Op4'!I$5+1,FALSE) -> 6195.9687 | J18: =+VLOOKUP($B18,Resumen2!$B:$N,'Op4'!J$5+1,FALSE) -> 3777.0187 | K18: =+VLOOKUP($B18,Resumen2!$B:$N,'Op4'!K$5+1,FALSE) -> 14 | L18: =+VLOOKUP($B18,Resumen2!$B:$N,'Op4'!L$5+1,FALSE) -> 0.46666667 | ... N18: =+VLOOKUP($B18,Resumen2!$B:$N,'Op4'!N$5+1,FALSE) -> 16 | O18: =+VLOOKUP($B18,Resumen!B:Q,16,FALSE) -> 0.11666667
... A43: =+A42+1 -> 38 | B43: Verde | C43: =+VLOOKUP($B43,Resumen2!$B:$N,'Op4'!C$5+1,FALSE) -> 1 | D43: =+VLOOKUP($B43,Resumen2!$B:$N,'Op4'!D$5+1,FALSE)*100 -> 3.4482759 | E43: =+VLOOKUP($B43,Resumen2!$B:$N,'Op4'!E$5+1,FALSE) -> 3.8275862 | F43: =+VLOOKUP($B43,Resumen2!$B:$N,'Op4'!F$5+1,FALSE) -> 3.5362305 | G43: =+VLOOKUP($B43,Resumen2!$B:$N,'Op4'!G$5+1,FALSE) -> 2099.072 | H43: =+VLOOKUP($B43,Resumen2!$B:$N,'Op4'!H$5+1,FALSE) -> 3078.8423 | I43: =+VLOOKUP($B43,Resumen2!$B:$N,'Op4'!I$5+1,FALSE) -> 2283.5169 | J43: =+VLOOKUP($B43,Resumen2!$B:$N,'Op4'!J$5+1,FALSE) -> 1743.9211 | K43: =+VLOOKUP($B43,Resumen2!$B:$N,'Op4'!K$5+1,FALSE) -> 8 | L43: =+VLOOKUP($B43,Resumen2!$B:$N,'Op4'!L$5+1,FALSE) -> 0.27586207 | ... N43: =+VLOOKUP($B43,Resumen2!$B:$N,'Op4'!N$5+1,FALSE) -> 21 | O43: =+VLOOKUP($B43,Resumen!B:Q,16,FALSE) -> 0.42
A45: 1 | B45: Ahora Nación | C45: 0 | D45: 0 | E45: =36-A45 -> 35 | O45: =100-D45 -> 100
A46: 1 | B46: APRA | C46: 0 | D46: 0 | E46: =36-A46 -> 35 | O46: =100-D46 -> 100
A47: 1 | B47: Avanza Pais | C47: 0 | D47: 0 | E47: =36-A47 -> 35 | O47: =100-D47 -> 100
A48: 1 | B48: Fe en el Peru | C48: 0 | D48: 0 | E48: =36-A48 -> 35 | O48: =100-D48 -> 100
A49: 1 | B49: Frente de la Esperanza | C49: 0 | D49: 0 | E49: =36-A49 -> 35 | O49: =100-D49 -> 100
A50: 1 | B50: FREPAP | C50: 0 | D50: 0 | E50: =36-A50 -> 35 | O50: =100-D50 -> 100
A51: 1 | B51: Fuerza y Libertad | C51: 0 | D51: 0 | E51: =36-A51 -> 35 | O51: =100-D51 -> 100
A52: 1 | B52: Integridad Democrática | C52: 0 | D52: 0 | E52: =36-A52 -> 35 | O52: =100-D52 -> 100
A53: 1 | B53: Libertad Popular | C53: 0 | D53: 0 | E53: =36-A53 -> 35 | O53: =100-D53 -> 100
A54: 1 | B54: PPP | C54: 0 | D54: 0 | E54: =36-A54 -> 35 | O54: =100-D54 -> 100
A55: 1 | B55: PRIN | C55: 0 | D55: 0 | E55: =36-A55 -> 35 | O55: =100-D55 -> 100
A56: 1 | B56: PTE | C56: 0 | D56: 0 | E56: =36-A56 -> 35 | O56: =100-D56 -> 100
... A79: 35 | B79: Alianza para el Progreso | C79: 7 | D79: 24.137931 | E79: =36-A79 -> 1 | O79: =100-D79 -> 75.862069
A84: 1 | B84: Alianza para el Progreso | C84: 8.4137931 | D84: =+C84=C85 -> FALSE | E84: =36-A84 -> 35 | O84: =+C84/C$84*100 -> 100
A85: 2 | B85: Pais para Todos | C85: 7.9583333 | D85: =+C85=C86 -> FALSE | E85: =36-A85 -> 34 | O85: =+C85/C$84*100 -> 94.586749
A86: 3 | B86: Unido Perú | C86: 7.9444444 | D86: =+C86=C87 -> FALSE | E86: =36-A86 -> 33 | O86: =+C86/C$84*100 -> 94.421676
A87: 4 | B87: Peru Primero | C87: 7.9285714 | D87: =+C87=C88 -> FALSE | E87: =36-A87 -> 32 | O87: =+C87/C$84*100 -> 94.233021
A88: 5 | B88: Libertad Popular | C88: 7.5185185 | D88: =+C88=C89 -> FALSE | E88: =36-A88 -> 31 | O88: =+C88/C$84*100 -> 89.359441
A89: 6 | B89: Integridad Democrática | C89: 7.4333333 | D89: =+C89=C90 -> FALSE | E89: =36-A89 -> 30 | O89: =+C89/C$84*100 -> 88.346995
A90: 7 | B90: Ahora Nación | C90: 7.3928571 | D90: =+C90=C91 -> FALSE | E90: =36-A90 -> 29 | O90: =+C90/C$84*100 -> 87.865925
A91: 8 | B91: APRA | C91: 7.2758621 | D91: =+C91=C92 -> FALSE | E91: =36-A91 -> 28 | O91: =+C91/C$84*100 -> 86.47541
A92: 9 | B92: Fuerza Popular | C92: 6.8333333 | D92: =+C92=C93 -> FALSE | E92: =36-A92 -> 27 | O92: =+C92/C$84*100 -> 81.215847
A93: 10 | B93: Unidad Nacional | C93: 6.6666667 | D93: =+C93=C94 -> FALSE | E93: =36-A93 -> 26 | O93: =+C93/C$84*100 -> 79.234973
A94: 11 | B94: Avanza Pais | C94: 6.56 | D94: =+C94=C95 -> FALSE | E94: =36-A94 -> 25 | O94: =+C94/C$84*100 -> 77.967213
A95: 12 | B95: Primero La Gente | C95: 6.5555556 | D95: =+C95=C96 -> FALSE | E95: =36-A95 -> 24 | O95: =+C95/C$84*100 -> 77.91439
... A118: 35 | B118: Un Camino Diferente | C118: 3.2666667 | D118: =+C118=C119 -> FALSE | E118: =36-A118 -> 1 | O118: =+C118/C$84*100 -> 38.825137
B119: CPP | C119: 0
B120: Peru Moderno | C120: 0
B121: Salvemos al Perú | C121: 0
A123: 1 | B123: Ahora Nación | C123: 0 | D123: =36-A123 -> 35 | O123: =(30-C123)/30*100 -> 100
A124: 1 | B124: Cooperación Popular | C124: 0 | D124: =36-A124 -> 35 | O124: =(30-C124)/30*100 -> 100
A125: 5 | B125: Fuerza Popular | C125: 1 | D125: =36-A125 -> 31 | O125: =(30-C125)/30*100 -> 96.666667
A126: 5 | B126: Partido Morado | C126: 1 | D126: =36-A126 -> 31 | O126: =(30-C126)/30*100 -> 96.666667
A127: 5 | B127: Peru Libre | C127: 1 | D127: =36-A127 -> 31 | O127: =(30-C127)/30*100 -> 96.666667
A128: 11 | B128: Buen Gobierno | C128: 2 | D128: =36-A128 -> 25 | O128: =(30-C128)/30*100 -> 93.333333
A129: 11 | B129: Fe en el Peru | C129: 2 | D129: =36-A129 -> 25 | O129: =(30-C129)/30*100 -> 93.333333
A130: 11 | B130: Libertad Popular | C130: 2 | D130: =36-A130 -> 25 | O130: =(30-C130)/30*100 -> 93.333333
A131: 11 | B131: PPP | C131: 2 | D131: =36-A131 -> 25 | O131: =(30-C131)/30*100 -> 93.333333
A132: 11 | B132: PTE | C132: 2 | D132: =36-A132 -> 25 | O132: =(30-C132)/30*100 -> 93.333333
A133: 11 | B133: Unido Perú | C133: 2 | D133: =36-A133 -> 25 | O133: =(30-C133)/30*100 -> 93.333333
A134: 14 | B134: Alianza para el Progreso | C134: 3 | D134: =36-A134 -> 22 | O134: =(30-C134)/30*100 -> 90
... A157: 35 | B157: Un Camino Diferente | C157: 26 | D157: =36-A157 -> 1 | O157: =(30-C157)/30*100 -> 13.333333
B158: CPP
B159: Peru Moderno
B160: Salvemos al Perú
B163: CPP | C163: 0
B164: Peru Moderno | C164: 0
B165: Salvemos al Perú | C165: 0
B166: Un Camino Diferente | C166: 301.32403
B167: FREPAP | C167: 1215.609
B168: Peru Acción | C168: 2006.7845
B169: Verde | C169: 2099.072
B170: Obras | C170: 2769.8314
B171: Progresemos | C171: 3332.6197
B172: Cooperación Popular | C172: 3355.8839
B173: PPP | C173: 3655.7755
B174: Integridad Democrática | C174: 3869.726
... B205: Salvemos al Perú | C205: 0
A206: 35 | B206: Un Camino Diferente | C206: 1179.9069 | D206: =36-A206 -> 1 | O206: =+C206/C$240*100 -> 5.8645962
A207: 33 | B207: Cooperación Popular | C207: 1885.5772 | D207: =36-A207 -> 3 | O207: =+C207/C$240*100 -> 9.3720514
A208: 31 | B208: Verde | C208: 2283.5169 | D208: =36-A208 -> 5 | O208: =+C208/C$240*100 -> 11.349967
A209: 29 | B209: PPP | C209: 2747.6183 | D209: =36-A209 -> 7 | O209: =+C209/C$240*100 -> 13.656731
A210: 27 | B210: Peru Acción | C210: 3201.0321 | D210: =36-A210 -> 9 | O210: =+C210/C$240*100 -> 15.910374
A211: 25 | B211: Obras | C211: 3308.4868 | D211: =36-A211 -> 11 | O211: =+C211/C$240*100 -> 16.444466
A212: 23 | B212: FREPAP | C212: 3958.938 | D212: =36-A212 -> 13 | O212: =+C212/C$240*100 -> 19.677461
A213: 21 | B213: Unido Perú | C213: 4105.0597 | D213: =36-A213 -> 15 | O213: =+C213/C$240*100 -> 20.403743
A214: 19 | B214: PRIN | C214: 4132.4555 | D214: =36-A214 -> 17 | O214: =+C214/C$240*100 -> 20.53991
A215: 17 | B215: Fe en el Peru | C215: 4705.0479 | D215: =36-A215 -> 19 | O215: =+C215/C$240*100 -> 23.385917
A216: 15 | B216: PTE | C216: 4911.606 | D216: =36-A216 -> 21 | O216: =+C216/C$240*100 -> 24.412591
A217: 13 | B217: Buen Gobierno | C217: 5266.158 | D217: =36-A217 -> 23 | O217: =+C217/C$240*100 -> 26.174852
... A221: 5 | B221: Si Creo | C221: 6318.5275 | D221: =36-A221 -> 31 | O221: =+C221/C$240*100 -> 31.405538
A222: 3 | B222: Venceremos | C222: 6629.4894 | D222: =36-A222 -> 33 | E222: =1130*6 -> 6780 | O222: =+C222/C$240*100 -> 32.951139
A223: 1 | B223: Fuerza y Libertad | C223: 6684.74 | D223: =36-A223 -> 35 | E223: =+C223/1130 -> 5.9156991 | O223: =+C223/C$240*100 -> 33.225756
A224: 2 | B224: Ahora Nación | C224: 6872.4074 | D224: =36-A224 -> 34 | O224: =+C224/C$240*100 -> 34.158536
A225: 4 | B225: Partido Morado | C225: 6928.5959 | D225: =36-A225 -> 32 | O225: =+C225/C$240*100 -> 34.437815
A226: 6 | B226: Pais para Todos | C226: 7635.3224 | D226: =36-A226 -> 30 | O226: =+C226/C$240*100 -> 37.95052
A227: 8 | B227: Juntos por el Perú | C227: 7985.3433 | D227: =36-A227 -> 28 | O227: =+C227/C$240*100 -> 39.69026
A228: 10 | B228: Peru Primero | C228: 8821.5955 | D228: =36-A228 -> 26 | O228: =+C228/C$240*100 -> 43.846759
A229: 12 | B229: Somos Perú | C229: 9126.2532 | D229: =36-A229 -> 24 | E229: =1130*8 -> 9040 | O229: =+C229/C$240*100 -> 45.361026
A230: 14 | B230: Podemos Perú | C230: 9165.9559 | D230: =36-A230 -> 22 | O230: =+C230/C$240*100 -> 45.558364
A231: 16 | B231: Unidad Nacional | C231: 9506.6952 | D231: =36-A231 -> 20 | O231: =+C231/C$240*100 -> 47.251971
A232: 18 | B232: Primero La Gente | C232: 9599.9622 | D232: =36-A232 -> 18 | O232: =+C232/C$240*100 -> 47.715544
...

Sheet I1

Sheet I2

Sheet I3

Sheet I4a

Sheet I4b

Sheet I5

Sheet I6

Sheet I7

Sheet Tabla Ranking
D1: 2 | E1: =++D1+1 -> 3 | F1: =++E1+1 -> 4 | G1: =++F1+1 -> 5 | H1: =++G1+1 -> 6 | I1: =++H1+1 -> 7 | J1: =++I1+1 -> 8 | K1: =++J1+1 -> 9
D2: RANKING DE PARTIDOS (35 ES LO MÁS ÓPTIMO)
D3: 0.25 | E3: 0.2 | F3: 0.1 | G3: 0.05 | H3: 0.25 | I3: 0.1 | J3: 0.05 | K3: =+SUM(D3:J3) -> 1
C4: Partidos Políticos | D4: % Sentencias | E4: Índice de Preparación | F4: Ingresos Mensuales No Declarados | G4: Ingresos Mensuales Efectivos | H4: Índice Infiltración #PorEstosNo | I4: Reelección de Congresistas | J4: Equipo Completo | K4: Valor Compuesto
A5: 1 | B5: =+SMALL('Op4'!$J$362:$J$396,A5) -> 7.133 | C5: Integridad Democrática | D5: =+VLOOKUP($C5,'Op4'!$B$362:$J$396,D$1,FALSE) -> 35 | E5: =+VLOOKUP($C5,'Op4'!$B$362:$J$396,E$1,FALSE) -> 30 | F5: =+VLOOKUP($C5,'Op4'!$B$362:$J$396,F$1,FALSE) -> 5 | G5: =+VLOOKUP($C5,'Op4'!$B$362:$J$396,G$1,FALSE) -> 29 | H5: =+VLOOKUP($C5,'Op4'!$B$362:$J$396,H$1,FALSE) -> 34 | I5: =+VLOOKUP($C5,'Op4'!$B$362:$J$396,I$1,FALSE) -> 35 | J5: =+VLOOKUP($C5,'Op4'!$B$362:$J$396,J$1,FALSE) -> 35 | K5: =+'Tabla Ranking'!$D$3*D5+'Tabla Ranking'!$E$3*E5+'Tabla Ranking'!$F$3*F5+'Tabla Ranking'!$G$3*G5+'Tabla Ranking'!$H$3*H5+'Tabla Ranking'!$I$3*I5+J5*'Tabla Ranking'!$J$3+A5/1000 -> 30.451
A6: =+A5+1 -> 2 | B6: =+SMALL('Op4'!$J$362:$J$396,A6) -> 7.729 | C6: Libertad Popular | D6: =+VLOOKUP($C6,'Op4'!$B$362:$J$396,D$1,FALSE) -> 35 | E6: =+VLOOKUP($C6,'Op4'!$B$362:$J$396,E$1,FALSE) -> 31 | F6: =+VLOOKUP($C6,'Op4'!$B$362:$J$396,F$1,FALSE) -> 25 | G6: =+VLOOKUP($C6,'Op4'!$B$362:$J$396,G$1,FALSE) -> 16 | H6: =+VLOOKUP($C6,'Op4'!$B$362:$J$396,H$1,FALSE) -> 31 | I6: =+VLOOKUP($C6,'Op4'!$B$362:$J$396,I$1,FALSE) -> 35 | J6: =+VLOOKUP($C6,'Op4'!$B$362:$J$396,J$1,FALSE) -> 9 | K6: =+'Tabla Ranking'!$D$3*D6+'Tabla Ranking'!$E$3*E6+'Tabla Ranking'!$F$3*F6+'Tabla Ranking'!$G$3*G6+'Tabla Ranking'!$H$3*H6+'Tabla Ranking'!$I$3*I6+J6*'Tabla Ranking'!$J$3+A6/1000 -> 29.952
A7: =+A6+1 -> 3 | B7: =+SMALL('Op4'!$J$362:$J$396,A7) -> 9.532 | C7: Fuerza y Libertad | D7: =+VLOOKUP($C7,'Op4'!$B$362:$J$396,D$1,FALSE) -> 35 | E7: =+VLOOKUP($C7,'Op4'!$B$362:$J$396,E$1,FALSE) -> 21 | F7: =+VLOOKUP($C7,'Op4'!$B$362:$J$396,F$1,FALSE) -> 9 | G7: =+VLOOKUP($C7,'Op4'!$B$362:$J$396,G$1,FALSE) -> 35 | H7: =+VLOOKUP($C7,'Op4'!$B$362:$J$396,H$1,FALSE) -> 29 | I7: =+VLOOKUP($C7,'Op4'!$B$362:$J$396,I$1,FALSE) -> 35 | J7: =+VLOOKUP($C7,'Op4'!$B$362:$J$396,J$1,FALSE) -> 11 | K7: =+'Tabla Ranking'!$D$3*D7+'Tabla Ranking'!$E$3*E7+'Tabla Ranking'!$F$3*F7+'Tabla Ranking'!$G$3*G7+'Tabla Ranking'!$H$3*H7+'Tabla Ranking'!$I$3*I7+J7*'Tabla Ranking'!$J$3+A7/1000 -> 26.903
A8: =+A7+1 -> 4 | B8: =+SMALL('Op4'!$J$362:$J$396,A8) -> 11.181 | C8: Ahora Nación | D8: =+VLOOKUP($C8,'Op4'!$B$362:$J$396,D$1,FALSE) -> 35 | E8: =+VLOOKUP($C8,'Op4'!$B$362:$J$396,E$1,FALSE) -> 29 | F8: =+VLOOKUP($C8,'Op4'!$B$362:$J$396,F$1,FALSE) -> 35 | G8: =+VLOOKUP($C8,'Op4'!$B$362:$J$396,G$1,FALSE) -> 34 | H8: =+VLOOKUP($C8,'Op4'!$B$362:$J$396,H$1,FALSE) -> 22 | I8: =+VLOOKUP($C8,'Op4'!$B$362:$J$396,I$1,FALSE) -> 11 | J8: =+VLOOKUP($C8,'Op4'!$B$362:$J$396,J$1,FALSE) -> 11 | K8: =+'Tabla Ranking'!$D$3*D8+'Tabla Ranking'!$E$3*E8+'Tabla Ranking'!$F$3*F8+'Tabla Ranking'!$G$3*G8+'Tabla Ranking'!$H$3*H8+'Tabla Ranking'!$I$3*I8+J8*'Tabla Ranking'!$J$3+A8/1000 -> 26.904
A9: =+A8+1 -> 5 | B9: =+SMALL('Op4'!$J$362:$J$396,A9) -> 11.33 | C9: PPP | D9: =+VLOOKUP($C9,'Op4'!$B$362:$J$396,D$1,FALSE) -> 35 | E9: =+VLOOKUP($C9,'Op4'!$B$362:$J$396,E$1,FALSE) -> 13 | F9: =+VLOOKUP($C9,'Op4'!$B$362:$J$396,F$1,FALSE) -> 25 | G9: =+VLOOKUP($C9,'Op4'!$B$362:$J$396,G$1,FALSE) -> 7 | H9: =+VLOOKUP($C9,'Op4'!$B$362:$J$396,H$1,FALSE) -> 32 | I9: =+VLOOKUP($C9,'Op4'!$B$362:$J$396,I$1,FALSE) -> 35 | J9: =+VLOOKUP($C9,'Op4'!$B$362:$J$396,J$1,FALSE) -> 7 | K9: =+'Tabla Ranking'!$D$3*D9+'Tabla Ranking'!$E$3*E9+'Tabla Ranking'!$F$3*F9+'Tabla Ranking'!$G$3*G9+'Tabla Ranking'!$H$3*H9+'Tabla Ranking'!$I$3*I9+J9*'Tabla Ranking'!$J$3+A9/1000 -> 26.055
A10: =+A9+1 -> 6 | B10: =+SMALL('Op4'!$J$362:$J$396,A10) -> 11.784 | C10: FREPAP | D10: =+VLOOKUP($C10,'Op4'!$B$362:$J$396,D$1,FALSE) -> 35 | E10: =+VLOOKUP($C10,'Op4'!$B$362:$J$396,E$1,FALSE) -> 6 | F10: =+VLOOKUP($C10,'Op4'!$B$362:$J$396,F$1,FALSE) -> 2 | G10: =+VLOOKUP($C10,'Op4'!$B$362:$J$396,G$1,FALSE) -> 13 | H10: =+VLOOKUP($C10,'Op4'!$B$362:$J$396,H$1,FALSE) -> 35 | I10: =+VLOOKUP($C10,'Op4'!$B$362:$J$396,I$1,FALSE) -> 35 | J10: =+VLOOKUP($C10,'Op4'!$B$362:$J$396,J$1,FALSE) -> 35 | K10: =+'Tabla Ranking'!$D$3*D10+'Tabla Ranking'!$E$3*E10+'Tabla Ranking'!$F$3*F10+'Tabla Ranking'!$G$3*G10+'Tabla Ranking'!$H$3*H10+'Tabla Ranking'!$I$3*I10+J10*'Tabla Ranking'!$J$3+A10/1000 -> 24.806
A11: =+A10+1 -> 7 | B11: =+SMALL('Op4'!$J$362:$J$396,A11) -> 12.335 | C11: Frente de la Esperanza | D11: =+VLOOKUP($C11,'Op4'!$B$362:$J$396,D$1,FALSE) -> 35 | E11: =+VLOOKUP($C11,'Op4'!$B$362:$J$396,E$1,FALSE) -> 18 | F11: =+VLOOKUP($C11,'Op4'!$B$362:$J$396,F$1,FALSE) -> 15 | G11: =+VLOOKUP($C11,'Op4'!$B$362:$J$396,G$1,FALSE) -> 27 | H11: =+VLOOKUP($C11,'Op4'!$B$362:$J$396,H$1,FALSE) -> 18 | I11: =+VLOOKUP($C11,'Op4'!$B$362:$J$396,I$1,FALSE) -> 35 | J11: =+VLOOKUP($C11,'Op4'!$B$362:$J$396,J$1,FALSE) -> 19 | K11: =+'Tabla Ranking'!$D$3*D11+'Tabla Ranking'!$E$3*E11+'Tabla Ranking'!$F$3*F11+'Tabla Ranking'!$G$3*G11+'Tabla Ranking'!$H$3*H11+'Tabla Ranking'!$I$3*I11+J11*'Tabla Ranking'!$J$3+A11/1000 -> 24.157
A12: =+A11+1 -> 8 | B12: =+SMALL('Op4'!$J$362:$J$396,A12) -> 14.166 | C12: Buen Gobierno | D12: =+VLOOKUP($C12,'Op4'!$B$362:$J$396,D$1,FALSE) -> 19 | E12: =+VLOOKUP($C12,'Op4'!$B$362:$J$396,E$1,FALSE) -> 17 | F12: =+VLOOKUP($C12,'Op4'!$B$362:$J$396,F$1,FALSE) -> 25 | G12: =+VLOOKUP($C12,'Op4'!$B$362:$J$396,G$1,FALSE) -> 23 | H12: =+VLOOKUP($C12,'Op4'!$B$362:$J$396,H$1,FALSE) -> 27 | I12: =+VLOOKUP($C12,'Op4'!$B$362:$J$396,I$1,FALSE) -> 35 | J12: =+VLOOKUP($C12,'Op4'!$B$362:$J$396,J$1,FALSE) -> 35 | K12: =+'Tabla Ranking'!$D$3*D12+'Tabla Ranking'!$E$3*E12+'Tabla Ranking'!$F$3*F12+'Tabla Ranking'!$G$3*G12+'Tabla Ranking'!$H$3*H12+'Tabla Ranking'!$I$3*I12+J12*'Tabla Ranking'!$J$3+A12/1000 -> 23.808
A13: =+A12+1 -> 9 | B13: =+SMALL('Op4'!$J$362:$J$396,A13) -> 14.322 | C13: PTE | D13: =+VLOOKUP($C13,'Op4'!$B$362:$J$396,D$1,FALSE) -> 35 | E13: =+VLOOKUP($C13,'Op4'!$B$362:$J$396,E$1,FALSE) -> 7 | F13: =+VLOOKUP($C13,'Op4'!$B$362:$J$396,F$1,FALSE) -> 25 | G13: =+VLOOKUP($C13,'Op4'!$B$362:$J$396,G$1,FALSE) -> 21 | H13: =+VLOOKUP($C13,'Op4'!$B$362:$J$396,H$1,FALSE) -> 25 | I13: =+VLOOKUP($C13,'Op4'!$B$362:$J$396,I$1,FALSE) -> 35 | J13: =+VLOOKUP($C13,'Op4'!$B$362:$J$396,J$1,FALSE) -> 3 | K13: =+'Tabla Ranking'!$D$3*D13+'Tabla Ranking'!$E$3*E13+'Tabla Ranking'!$F$3*F13+'Tabla Ranking'!$G$3*G13+'Tabla Ranking'!$H$3*H13+'Tabla Ranking'!$I$3*I13+J13*'Tabla Ranking'!$J$3+A13/1000 -> 23.609
A14: =+A13+1 -> 10 | B14: =+SMALL('Op4'!$J$362:$J$396,A14) -> 14.461 | C14: PRIN | D14: =+VLOOKUP($C14,'Op4'!$B$362:$J$396,D$1,FALSE) -> 35 | E14: =+VLOOKUP($C14,'Op4'!$B$362:$J$396,E$1,FALSE) -> 8 | F14: =+VLOOKUP($C14,'Op4'!$B$362:$J$396,F$1,FALSE) -> 15 | G14: =+VLOOKUP($C14,'Op4'!$B$362:$J$396,G$1,FALSE) -> 17 | H14: =+VLOOKUP($C14,'Op4'!$B$362:$J$396,H$1,FALSE) -> 26 | I14: =+VLOOKUP($C14,'Op4'!$B$362:$J$396,I$1,FALSE) -> 35 | J14: =+VLOOKUP($C14,'Op4'!$B$362:$J$396,J$1,FALSE) -> 7 | K14: =+'Tabla Ranking'!$D$3*D14+'Tabla Ranking'!$E$3*E14+'Tabla Ranking'!$F$3*F14+'Tabla Ranking'!$G$3*G14+'Tabla Ranking'!$H$3*H14+'Tabla Ranking'!$I$3*I14+J14*'Tabla Ranking'!$J$3+A14/1000 -> 23.06
A15: =+A14+1 -> 11 | B15: =+SMALL('Op4'!$J$362:$J$396,A15) -> 14.865 | C15: Pais para Todos | D15: =+VLOOKUP($C15,'Op4'!$B$362:$J$396,D$1,FALSE) -> 16 | E15: =+VLOOKUP($C15,'Op4'!$B$362:$J$396,E$1,FALSE) -> 34 | F15: =+VLOOKUP($C15,'Op4'!$B$362:$J$396,F$1,FALSE) -> 17 | G15: =+VLOOKUP($C15,'Op4'!$B$362:$J$396,G$1,FALSE) -> 30 | H15: =+VLOOKUP($C15,'Op4'!$B$362:$J$396,H$1,FALSE) -> 20 | I15: =+VLOOKUP($C15,'Op4'!$B$362:$J$396,I$1,FALSE) -> 35 | J15: =+VLOOKUP($C15,'Op4'!$B$362:$J$396,J$1,FALSE) -> 4 | K15: =+'Tabla Ranking'!$D$3*D15+'Tabla Ranking'!$E$3*E15+'Tabla Ranking'!$F$3*F15+'Tabla Ranking'!$G$3*G15+'Tabla Ranking'!$H$3*H15+'Tabla Ranking'!$I$3*I15+J15*'Tabla Ranking'!$J$3+A15/1000 -> 22.711
A16: =+A15+1 -> 12 | B16: =+SMALL('Op4'!$J$362:$J$396,A16) -> 15.721 | C16: Fe en el Peru | D16: =+VLOOKUP($C16,'Op4'!$B$362:$J$396,D$1,FALSE) -> 35 | E16: =+VLOOKUP($C16,'Op4'!$B$362:$J$396,E$1,FALSE) -> 11 | F16: =+VLOOKUP($C16,'Op4'!$B$362:$J$396,F$1,FALSE) -> 25 | G16: =+VLOOKUP($C16,'Op4'!$B$362:$J$396,G$1,FALSE) -> 19 | H16: =+VLOOKUP($C16,'Op4'!$B$362:$J$396,H$1,FALSE) -> 15 | I16: =+VLOOKUP($C16,'Op4'!$B$362:$J$396,I$1,FALSE) -> 35 | J16: =+VLOOKUP($C16,'Op4'!$B$362:$J$396,J$1,FALSE) -> 1 | K16: =+'Tabla Ranking'!$D$3*D16+'Tabla Ranking'!$E$3*E16+'Tabla Ranking'!$F$3*F16+'Tabla Ranking'!$G$3*G16+'Tabla Ranking'!$H$3*H16+'Tabla Ranking'!$I$3*I16+J16*'Tabla Ranking'!$J$3+A16/1000 -> 21.712
A17: =+A16+1 -> 13 | B17: =+SMALL('Op4'!$J$362:$J$396,A17) -> 15.728 | C17: APRA | D17: =+VLOOKUP($C17,'Op4'!$B$362:$J$396,D$1,FALSE) -> 35 | E17: =+VLOOKUP($C17,'Op4'!$B$362:$J$396,E$1,FALSE) -> 28 | F17: =+VLOOKUP($C17,'Op4'!$B$362:$J$396,F$1,FALSE) -> 12 | G17: =+VLOOKUP($C17,'Op4'!$B$362:$J$396,G$1,FALSE) -> 12 | H17: =+VLOOKUP($C17,'Op4'!$B$362:$J$396,H$1,FALSE) -> 1 | I17: =+VLOOKUP($C17,'Op4'!$B$362:$J$396,I$1,FALSE) -> 35 | J17: =+VLOOKUP($C17,'Op4'!$B$362:$J$396,J$1,FALSE) -> 19 | K17: =+'Tabla Ranking'!$D$3*D17+'Tabla Ranking'!$E$3*E17+'Tabla Ranking'!$F$3*F17+'Tabla Ranking'!$G$3*G17+'Tabla Ranking'!$H$3*H17+'Tabla Ranking'!$I$3*I17+J17*'Tabla Ranking'!$J$3+A17/1000 -> 20.863
... A39: =+A38+1 -> 35 | B39: =+SMALL('Op4'!$J$362:$J$396,A39) -> 30.451 | C39: Podemos Perú | D39: =+VLOOKUP($C39,'Op4'!$B$362:$J$396,D$1,FALSE) -> 8 | E39: =+VLOOKUP($C39,'Op4'!$B$362:$J$396,E$1,FALSE) -> 9 | F39: =+VLOOKUP($C39,'Op4'!$B$362:$J$396,F$1,FALSE) -> 7 | G39: =+VLOOKUP($C39,'Op4'!$B$362:$J$396,G$1,FALSE) -> 22 | H39: =+VLOOKUP($C39,'Op4'!$B$362:$J$396,H$1,FALSE) -> 1 | I39: =+VLOOKUP($C39,'Op4'!$B$362:$J$396,I$1,FALSE) -> 3 | J39: =+VLOOKUP($C39,'Op4'!$B$362:$J$396,J$1,FALSE) -> 19 | K39: =+'Tabla Ranking'!$D$3*D39+'Tabla Ranking'!$E$3*E39+'Tabla Ranking'!$F$3*F39+'Tabla Ranking'!$G$3*G39+'Tabla Ranking'!$H$3*H39+'Tabla Ranking'!$I$3*I39+J39*'Tabla Ranking'!$J$3+A39/1000 -> 7.135

Sheet Tabla 100
D1: 2 | E1: =++D1+1 -> 3 | F1: =++E1+1 -> 4 | G1: =++F1+1 -> 5 | H1: =++G1+1 -> 6 | I1: =++H1+1 -> 7 | J1: =++I1+1 -> 8 | K1: =++J1+1 -> 9
D2: RANKING DE PARTIDOS (100 ES LO MÁS ÓPTIMO)
D3: 0.25 | E3: 0.2 | F3: 0.1 | G3: 0.05 | H3: 0.25 | I3: 0.1 | J3: 0.05 | K3: =+SUM(D3:J3) -> 1
C4: Partidos Políticos | D4: % Sentencias | E4: Índice de Preparación | F4: Ingresos Mensuales No Declarados | G4: Ingresos Mensuales Efectivos | H4: Índice Infiltración #PorEstosNo | I4: Reelección de Congresistas | J4: Equipo Completo | K4: Valor Compuesto
A5: 1 | B5: =+SMALL('Op4'!$J$362:$J$396,A5) -> 7.133 | C5: Libertad Popular | D5: =+VLOOKUP(C5,'Op4'!$B$45:$O$79,14,FALSE) -> 100 | E5: =+VLOOKUP(C5,'Op4'!$B$84:$O$118,14,FALSE) -> 89.359441 | F5: =+VLOOKUP(C5,'Op4'!$B$123:$O$157,14,FALSE) -> 93.333333 | G5: =+VLOOKUP(C5,'Op4'!$B$206:$O$240,14,FALSE) -> 48.91047 | H5: =+VLOOKUP(C5,'Op4'!$B$245:$O$279,14,FALSE) -> 85.964912 | I5: =+VLOOKUP(C5,'Op4'!$B$285:$O$319,14,FALSE) -> 100 | J5: =+VLOOKUP(C5,'Op4'!$B$324:$O$358,14,FALSE) -> 90 | K5: =+'Tabla 100'!$D$3*D5+'Tabla 100'!$E$3*E5+'Tabla 100'!$F$3*F5+'Tabla 100'!$G$3*G5+'Tabla 100'!$H$3*H5+'Tabla 100'!$I$3*I5+J5*'Tabla 100'!$J$3+A5/1000 -> 90.642973
A6: =+A5+1 -> 2 | B6: =+SMALL('Op4'!$J$362:$J$396,A6) -> 7.729 | C6: Ahora Nación | D6: =+VLOOKUP(C6,'Op4'!$B$45:$O$79,14,FALSE) -> 100 | E6: =+VLOOKUP(C6,'Op4'!$B$84:$O$118,14,FALSE) -> 87.865925 | F6: =+VLOOKUP(C6,'Op4'!$B$123:$O$157,14,FALSE) -> 100 | G6: =+VLOOKUP(C6,'Op4'!$B$206:$O$240,14,FALSE) -> 34.158536 | H6: =+VLOOKUP(C6,'Op4'!$B$245:$O$279,14,FALSE) -> 72.222222 | I6: =+VLOOKUP(C6,'Op4'!$B$285:$O$319,14,FALSE) -> 96.666667 | J6: =+VLOOKUP(C6,'Op4'!$B$324:$O$358,14,FALSE) -> 93.333333 | K6: =+'Tabla 100'!$D$3*D6+'Tabla 100'!$E$3*E6+'Tabla 100'!$F$3*F6+'Tabla 100'!$G$3*G6+'Tabla 100'!$H$3*H6+'Tabla 100'!$I$3*I6+J6*'Tabla 100'!$J$3+A6/1000 -> 86.672001
A7: =+A6+1 -> 3 | B7: =+SMALL('Op4'!$J$362:$J$396,A7) -> 9.532 | C7: Integridad Democrática | D7: =+VLOOKUP(C7,'Op4'!$B$45:$O$79,14,FALSE) -> 100 | E7: =+VLOOKUP(C7,'Op4'!$B$84:$O$118,14,FALSE) -> 88.346995 | F7: =+VLOOKUP(C7,'Op4'!$B$123:$O$157,14,FALSE) -> 53.333333 | G7: =+VLOOKUP(C7,'Op4'!$B$206:$O$240,14,FALSE) -> 30.796373 | H7: =+VLOOKUP(C7,'Op4'!$B$245:$O$279,14,FALSE) -> 88.333333 | I7: =+VLOOKUP(C7,'Op4'!$B$285:$O$319,14,FALSE) -> 100 | J7: =+VLOOKUP(C7,'Op4'!$B$324:$O$358,14,FALSE) -> 100 | K7: =+'Tabla 100'!$D$3*D7+'Tabla 100'!$E$3*E7+'Tabla 100'!$F$3*F7+'Tabla 100'!$G$3*G7+'Tabla 100'!$H$3*H7+'Tabla 100'!$I$3*I7+J7*'Tabla 100'!$J$3+A7/1000 -> 86.628884
A8: =+A7+1 -> 4 | B8: =+SMALL('Op4'!$J$362:$J$396,A8) -> 11.181 | C8: Pais para Todos | D8: =+VLOOKUP(C8,'Op4'!$B$45:$O$79,14,FALSE) -> 95.833333 | E8: =+VLOOKUP(C8,'Op4'!$B$84:$O$118,14,FALSE) -> 94.586749 | F8: =+VLOOKUP(C8,'Op4'!$B$123:$O$157,14,FALSE) -> 83.333333 | G8: =+VLOOKUP(C8,'Op4'!$B$206:$O$240,14,FALSE) -> 37.95052 | H8: =+VLOOKUP(C8,'Op4'!$B$245:$O$279,14,FALSE) -> 71.153846 | I8: =+VLOOKUP(C8,'Op4'!$B$285:$O$319,14,FALSE) -> 100 | J8: =+VLOOKUP(C8,'Op4'!$B$324:$O$358,14,FALSE) -> 80 | K8: =+'Tabla 100'!$D$3*D8+'Tabla 100'!$E$3*E8+'Tabla 100'!$F$3*F8+'Tabla 100'!$G$3*G8+'Tabla 100'!$H$3*H8+'Tabla 100'!$I$3*I8+J8*'Tabla 100'!$J$3+A8/1000 -> 84.899004
A9: =+A8+1 -> 5 | B9: =+SMALL('Op4'!$J$362:$J$396,A9) -> 11.33 | C9: Buen Gobierno | D9: =+VLOOKUP(C9,'Op4'!$B$45:$O$79,14,FALSE) -> 96.666667 | E9: =+VLOOKUP(C9,'Op4'!$B$84:$O$118,14,FALSE) -> 71.311475 | F9: =+VLOOKUP(C9,'Op4'!$B$123:$O$157,14,FALSE) -> 93.333333 | G9: =+VLOOKUP(C9,'Op4'!$B$206:$O$240,14,FALSE) -> 26.174852 | H9: =+VLOOKUP(C9,'Op4'!$B$245:$O$279,14,FALSE) -> 81.666667 | I9: =+VLOOKUP(C9,'Op4'!$B$285:$O$319,14,FALSE) -> 100 | J9: =+VLOOKUP(C9,'Op4'!$B$324:$O$358,14,FALSE) -> 100 | K9: =+'Tabla 100'!$D$3*D9+'Tabla 100'!$E$3*E9+'Tabla 100'!$F$3*F9+'Tabla 100'!$G$3*G9+'Tabla 100'!$H$3*H9+'Tabla 100'!$I$3*I9+J9*'Tabla 100'!$J$3+A9/1000 -> 84.492704
A10: =+A9+1 -> 6 | B10: =+SMALL('Op4'!$J$362:$J$396,A10) -> 11.784 | C10: Fuerza y Libertad | D10: =+VLOOKUP(C10,'Op4'!$B$45:$O$79,14,FALSE) -> 100 | E10: =+VLOOKUP(C10,'Op4'!$B$84:$O$118,14,FALSE) -> 75.556206 | F10: =+VLOOKUP(C10,'Op4'!$B$123:$O$157,14,FALSE) -> 73.333333 | G10: =+VLOOKUP(C10,'Op4'!$B$206:$O$240,14,FALSE) -> 33.225756 | H10: =+VLOOKUP(C10,'Op4'!$B$245:$O$279,14,FALSE) -> 81.818182 | I10: =+VLOOKUP(C10,'Op4'!$B$285:$O$319,14,FALSE) -> 100 | J10: =+VLOOKUP(C10,'Op4'!$B$324:$O$358,14,FALSE) -> 93.333333 | K10: =+'Tabla 100'!$D$3*D10+'Tabla 100'!$E$3*E10+'Tabla 100'!$F$3*F10+'Tabla 100'!$G$3*G10+'Tabla 100'!$H$3*H10+'Tabla 100'!$I$3*I10+J10*'Tabla 100'!$J$3+A10/1000 -> 84.233074
A11: =+A10+1 -> 7 | B11: =+SMALL('Op4'!$J$362:$J$396,A11) -> 12.335 | C11: PPP | D11: =+VLOOKUP(C11,'Op4'!$B$45:$O$79,14,FALSE) -> 100 | E11: =+VLOOKUP(C11,'Op4'!$B$84:$O$118,14,FALSE) -> 60.797604 | F11: =+VLOOKUP(C11,'Op4'!$B$123:$O$157,14,FALSE) -> 93.333333 | G11: =+VLOOKUP(C11,'Op4'!$B$206:$O$240,14,FALSE) -> 13.656731 | H11: =+VLOOKUP(C11,'Op4'!$B$245:$O$279,14,FALSE) -> 86.792453 | I11: =+VLOOKUP(C11,'Op4'!$B$285:$O$319,14,FALSE) -> 100 | J11: =+VLOOKUP(C11,'Op4'!$B$324:$O$358,14,FALSE) -> 86.666667 | K11: =+'Tabla 100'!$D$3*D11+'Tabla 100'!$E$3*E11+'Tabla 100'!$F$3*F11+'Tabla 100'!$G$3*G11+'Tabla 100'!$H$3*H11+'Tabla 100'!$I$3*I11+J11*'Tabla 100'!$J$3+A11/1000 -> 83.214137
A12: =+A11+1 -> 8 | B12: =+SMALL('Op4'!$J$362:$J$396,A12) -> 14.166 | C12: Unidad Nacional | D12: =+VLOOKUP(C12,'Op4'!$B$45:$O$79,14,FALSE) -> 96.666667 | E12: =+VLOOKUP(C12,'Op4'!$B$84:$O$118,14,FALSE) -> 79.234973 | F12: =+VLOOKUP(C12,'Op4'!$B$123:$O$157,14,FALSE) -> 83.333333 | G12: =+VLOOKUP(C12,'Op4'!$B$206:$O$240,14,FALSE) -> 47.251971 | H12: =+VLOOKUP(C12,'Op4'!$B$245:$O$279,14,FALSE) -> 66.666667 | I12: =+VLOOKUP(C12,'Op4'!$B$285:$O$319,14,FALSE) -> 96.666667 | J12: =+VLOOKUP(C12,'Op4'!$B$324:$O$358,14,FALSE) -> 100 | K12: =+'Tabla 100'!$D$3*D12+'Tabla 100'!$E$3*E12+'Tabla 100'!$F$3*F12+'Tabla 100'!$G$3*G12+'Tabla 100'!$H$3*H12+'Tabla 100'!$I$3*I12+J12*'Tabla 100'!$J$3+A12/1000 -> 82.050926
A13: =+A12+1 -> 9 | B13: =+SMALL('Op4'!$J$362:$J$396,A13) -> 14.322 | C13: Si Creo | D13: =+VLOOKUP(C13,'Op4'!$B$45:$O$79,14,FALSE) -> 96.428571 | E13: =+VLOOKUP(C13,'Op4'!$B$84:$O$118,14,FALSE) -> 67.066745 | F13: =+VLOOKUP(C13,'Op4'!$B$123:$O$157,14,FALSE) -> 86.666667 | G13: =+VLOOKUP(C13,'Op4'!$B$206:$O$240,14,FALSE) -> 31.405538 | H13: =+VLOOKUP(C13,'Op4'!$B$245:$O$279,14,FALSE) -> 78.571429 | I13: =+VLOOKUP(C13,'Op4'!$B$285:$O$319,14,FALSE) -> 93.333333 | J13: =+VLOOKUP(C13,'Op4'!$B$324:$O$358,14,FALSE) -> 93.333333 | K13: =+'Tabla 100'!$D$3*D13+'Tabla 100'!$E$3*E13+'Tabla 100'!$F$3*F13+'Tabla 100'!$G$3*G13+'Tabla 100'!$H$3*H13+'Tabla 100'!$I$3*I13+J13*'Tabla 100'!$J$3+A13/1000 -> 81.409293
A14: =+A13+1 -> 10 | B14: =+SMALL('Op4'!$J$362:$J$396,A14) -> 14.461 | C14: Frente de la Esperanza | D14: =+VLOOKUP(C14,'Op4'!$B$45:$O$79,14,FALSE) -> 100 | E14: =+VLOOKUP(C14,'Op4'!$B$84:$O$118,14,FALSE) -> 72.95082 | F14: =+VLOOKUP(C14,'Op4'!$B$123:$O$157,14,FALSE) -> 80 | G14: =+VLOOKUP(C14,'Op4'!$B$206:$O$240,14,FALSE) -> 30.782578 | H14: =+VLOOKUP(C14,'Op4'!$B$245:$O$279,14,FALSE) -> 68.965517 | I14: =+VLOOKUP(C14,'Op4'!$B$285:$O$319,14,FALSE) -> 100 | J14: =+VLOOKUP(C14,'Op4'!$B$324:$O$358,14,FALSE) -> 96.666667 | K14: =+'Tabla 100'!$D$3*D14+'Tabla 100'!$E$3*E14+'Tabla 100'!$F$3*F14+'Tabla 100'!$G$3*G14+'Tabla 100'!$H$3*H14+'Tabla 100'!$I$3*I14+J14*'Tabla 100'!$J$3+A14/1000 -> 81.214005
A15: =+A14+1 -> 11 | B15: =+SMALL('Op4'!$J$362:$J$396,A15) -> 14.865 | C15: Unido Perú | D15: =+VLOOKUP(C15,'Op4'!$B$45:$O$79,14,FALSE) -> 88.888889 | E15: =+VLOOKUP(C15,'Op4'!$B$84:$O$118,14,FALSE) -> 94.421676 | F15: =+VLOOKUP(C15,'Op4'!$B$123:$O$157,14,FALSE) -> 93.333333 | G15: =+VLOOKUP(C15,'Op4'!$B$206:$O$240,14,FALSE) -> 20.403743 | H15: =+VLOOKUP(C15,'Op4'!$B$245:$O$279,14,FALSE) -> 64.285714 | I15: =+VLOOKUP(C15,'Op4'!$B$285:$O$319,14,FALSE) -> 100 | J15: =+VLOOKUP(C15,'Op4'!$B$324:$O$358,14,FALSE) -> 60 | K15: =+'Tabla 100'!$D$3*D15+'Tabla 100'!$E$3*E15+'Tabla 100'!$F$3*F15+'Tabla 100'!$G$3*G15+'Tabla 100'!$H$3*H15+'Tabla 100'!$I$3*I15+J15*'Tabla 100'!$J$3+A15/1000 -> 80.542506
A16: =+A15+1 -> 12 | B16: =+SMALL('Op4'!$J$362:$J$396,A16) -> 15.721 | C16: Primero La Gente | D16: =+VLOOKUP(C16,'Op4'!$B$45:$O$79,14,FALSE) -> 85.185185 | E16: =+VLOOKUP(C16,'Op4'!$B$84:$O$118,14,FALSE) -> 77.91439 | F16: =+VLOOKUP(C16,'Op4'!$B$123:$O$157,14,FALSE) -> 86.666667 | G16: =+VLOOKUP(C16,'Op4'!$B$206:$O$240,14,FALSE) -> 47.715544 | H16: =+VLOOKUP(C16,'Op4'!$B$245:$O$279,14,FALSE) -> 71.428571 | I16: =+VLOOKUP(C16,'Op4'!$B$285:$O$319,14,FALSE) -> 100 | J16: =+VLOOKUP(C16,'Op4'!$B$324:$O$358,14,FALSE) -> 90 | K16: =+'Tabla 100'!$D$3*D16+'Tabla 100'!$E$3*E16+'Tabla 100'!$F$3*F16+'Tabla 100'!$G$3*G16+'Tabla 100'!$H$3*H16+'Tabla 100'!$I$3*I16+J16*'Tabla 100'!$J$3+A16/1000 -> 80.300761
A17: =+A16+1 -> 13 | B17: =+SMALL('Op4'!$J$362:$J$396,A17) -> 15.728 | C17: Peru Primero | D17: =+VLOOKUP(C17,'Op4'!$B$45:$O$79,14,FALSE) -> 89.285714 | E17: =+VLOOKUP(C17,'Op4'!$B$84:$O$118,14,FALSE) -> 94.233021 | F17: =+VLOOKUP(C17,'Op4'!$B$123:$O$157,14,FALSE) -> 90 | G17: =+VLOOKUP(C17,'Op4'!$B$206:$O$240,14,FALSE) -> 43.846759 | H17: =+VLOOKUP(C17,'Op4'!$B$245:$O$279,14,FALSE) -> 54.385965 | I17: =+VLOOKUP(C17,'Op4'!$B$285:$O$319,14,FALSE) -> 93.333333 | J17: =+VLOOKUP(C17,'Op4'!$B$324:$O$358,14,FALSE) -> 93.333333 | K17: =+'Tabla 100'!$D$3*D17+'Tabla 100'!$E$3*E17+'Tabla 100'!$F$3*F17+'Tabla 100'!$G$3*G17+'Tabla 100'!$H$3*H17+'Tabla 100'!$I$3*I17+J17*'Tabla 100'!$J$3+A17/1000 -> 79.969862
... A39: =+A38+1 -> 35 | B39: =+SMALL('Op4'!$J$362:$J$396,A39) -> 30.451 | C39: Podemos Perú | D39: =+VLOOKUP(C39,'Op4'!$B$45:$O$79,14,FALSE) -> 89.655172 | E39: =+VLOOKUP(C39,'Op4'!$B$84:$O$118,14,FALSE) -> 54.098361 | F39: =+VLOOKUP(C39,'Op4'!$B$123:$O$157,14,FALSE) -> 70 | G39: =+VLOOKUP(C39,'Op4'!$B$206:$O$240,14,FALSE) -> 45.558364 | H39: =+VLOOKUP(C39,'Op4'!$B$245:$O$279,14,FALSE) -> 0 | I39: =+VLOOKUP(C39,'Op4'!$B$285:$O$319,14,FALSE) -> 86.666667 | J39: =+VLOOKUP(C39,'Op4'!$B$324:$O$358,14,FALSE) -> 96.666667 | K39: =+'Tabla 100'!$D$3*D39+'Tabla 100'!$E$3*E39+'Tabla 100'!$F$3*F39+'Tabla 100'!$G$3*G39+'Tabla 100'!$H$3*H39+'Tabla 100'!$I$3*I39+J39*'Tabla 100'!$J$3+A39/1000 -> 56.046383

Sheet Grafica
B2: Sin Sentencias | C2: Preparación (Max 8.41) | D2: Ingresos Nulos | E2: Ingresos Efectivos (Max 20,119) | F2: Libre del Pacto | G2: Sin Reelección | H2: =+'Op4'!I361 -> Equipo Completo
A3: Renovación Popular | B3: =+VLOOKUP($A3,'Op4'!$B$45:$O$79,14,FALSE) -> 82.758621 | C3: =+VLOOKUP($A3,'Op4'!$B$84:$O$118,14,FALSE) -> 69.262295 | D3: =+VLOOKUP($A3,'Op4'!$B$123:$O$157,14,FALSE) -> 76.666667 | E3: =+VLOOKUP($A3,'Op4'!$B$206:$O$240,14,FALSE) -> 67.668287 | F3: =+VLOOKUP($A3,'Op4'!$B$245:$O$279,14,FALSE) -> 0 | G3: =+VLOOKUP($A3,'Op4'!$B$285:$O$319,14,FALSE) -> 93.333333 | H3: =+VLOOKUP($A3,'Op4'!$B$324:$O$358,14,FALSE) -> 96.666667
